date,billboard_name,latitude,longitude,rotation,advertiser,people_passed,viewers,interactions,minutes_observed
2024-02-21,Billboard_1,50.05036212664683,8.572061250445264,20,Advertiser_25,145097,19333,1138,14
2024-02-21,Billboard_2,50.05048057710115,8.571991151945651,20,Advertiser_5,90067,21414,1946,30
2024-02-21,Billboard_3,50.05057454758693,8.571917364051322,20,Advertiser_28,117598,19744,587,22
2024-02-21,Billboard_4,50.05091687799782,8.572983411274532,20,Advertiser_1,199969,20886,513,22
2024-02-21,Billboard_5,50.05086259327397,8.57257834991617,20,Advertiser_8,198682,14251,2150,27
2024-02-21,Billboard_6,50.05085482034081,8.574873504923973,20,Advertiser_26,74869,13478,1378,13
2024-02-21,Billboard_7,50.05040420491223,8.573220784650983,20,Advertiser_4,73146,6687,1657,19
2024-02-21,Billboard_8,50.05044854182887,8.573382719369938,20,Advertiser_18,184820,5275,1313,29
2024-02-21,Billboard_9,50.050486920709744,8.57357330579178,20,Advertiser_6,198284,14800,782,26
2024-02-21,Billboard_10,50.050523851302025,8.573737954416567,20,Advertiser_23,82639,9599,1711,27
2024-02-21,Billboard_11,50.05057671268854,8.573942073602089,20,Advertiser_16,147246,17215,2186,12
2024-02-21,Billboard_12,50.04981480720404,8.571023999429775,20,Advertiser_22,189917,21962,1566,19
2024-02-21,Billboard_13,50.04977519420206,8.570869101861684,20,Advertiser_10,176466,19029,1676,14
2024-02-21,Billboard_14,50.049714913487726,8.570594175435751,20,Advertiser_9,203376,21653,631,13
2024-02-21,Billboard_15,50.04968003675224,8.570455371121058,20,Advertiser_3,89050,14208,1672,22
2024-02-21,Billboard_16,50.049626645160366,8.570236771084828,20,Advertiser_15,160611,16296,1280,24
2024-02-21,Billboard_17,50.049572822931,8.570011465526015,20,Advertiser_17,226244,17301,2440,20
2024-02-21,Billboard_18,50.04791871016219,8.57554516134853,155,Advertiser_13,217061,16368,585,30
2024-02-21,Billboard_19,50.0480561196594,8.574905666267387,155,Advertiser_19,248419,17754,833,16
2024-02-21,Billboard_20,50.048105081570775,8.574765469270911,155,Advertiser_7,62270,24971,1423,24
2024-02-21,Billboard_21,50.04819905670791,8.574418666167567,155,Advertiser_12,152383,20922,2178,25
2024-02-21,Billboard_22,50.048258284640994,8.57419853228282,155,Advertiser_27,52096,24290,1589,28
2024-02-21,Billboard_23,50.048296190479824,8.573857878170669,155,Advertiser_2,201524,21000,655,21
2024-02-21,Billboard_24,50.04764388998231,8.572367362718126,65,Advertiser_14,93635,19961,2243,19
2024-02-21,Billboard_25,50.04737775515132,8.572211178343,65,Advertiser_20,65300,15993,804,19
2024-02-21,Billboard_26,50.0471795350736,8.572052534371835,65,Advertiser_24,120224,6766,1777,14
2024-02-21,Billboard_27,50.04705317922137,8.571944312126819,65,Advertiser_11,245543,9858,2127,25
2024-02-21,Billboard_28,50.04693314085367,8.571847158065953,65,Advertiser_21,229476,9168,542,15
2024-02-22,Billboard_1,50.05036212664683,8.572061250445264,20,Advertiser_25,127404,13640,2408,22
2024-02-22,Billboard_2,50.05048057710115,8.571991151945651,20,Advertiser_5,98385,21734,620,22
2024-02-22,Billboard_3,50.05057454758693,8.571917364051322,20,Advertiser_28,161210,15955,1993,25
2024-02-22,Billboard_4,50.05091687799782,8.572983411274532,20,Advertiser_1,89747,14164,726,27
2024-02-22,Billboard_5,50.05086259327397,8.57257834991617,20,Advertiser_8,142108,21357,1149,20
2024-02-22,Billboard_6,50.05085482034081,8.574873504923973,20,Advertiser_26,171804,17188,2316,30
2024-02-22,Billboard_7,50.05040420491223,8.573220784650983,20,Advertiser_4,150950,12848,889,30
2024-02-22,Billboard_8,50.05044854182887,8.573382719369938,20,Advertiser_18,192554,24781,2048,27
2024-02-22,Billboard_9,50.050486920709744,8.57357330579178,20,Advertiser_6,116174,20245,2265,23
2024-02-22,Billboard_10,50.050523851302025,8.573737954416567,20,Advertiser_23,202787,24368,886,30
2024-02-22,Billboard_11,50.05057671268854,8.573942073602089,20,Advertiser_16,161737,18836,2017,27
2024-02-22,Billboard_12,50.04981480720404,8.571023999429775,20,Advertiser_22,92968,6504,1289,23
2024-02-22,Billboard_13,50.04977519420206,8.570869101861684,20,Advertiser_10,179354,9738,2272,19
2024-02-22,Billboard_14,50.049714913487726,8.570594175435751,20,Advertiser_9,129866,13230,1111,15
2024-02-22,Billboard_15,50.04968003675224,8.570455371121058,20,Advertiser_3,229807,16993,1485,30
2024-02-22,Billboard_16,50.049626645160366,8.570236771084828,20,Advertiser_15,140751,13013,2229,17
2024-02-22,Billboard_17,50.049572822931,8.570011465526015,20,Advertiser_17,168908,18347,2036,24
2024-02-22,Billboard_18,50.04791871016219,8.57554516134853,155,Advertiser_13,177171,18656,1695,25
2024-02-22,Billboard_19,50.0480561196594,8.574905666267387,155,Advertiser_19,221180,5713,1038,14
2024-02-22,Billboard_20,50.048105081570775,8.574765469270911,155,Advertiser_7,201143,15463,747,13
2024-02-22,Billboard_21,50.04819905670791,8.574418666167567,155,Advertiser_12,155209,7199,1841,27
2024-02-22,Billboard_22,50.048258284640994,8.57419853228282,155,Advertiser_27,184377,11887,2268,23
2024-02-22,Billboard_23,50.048296190479824,8.573857878170669,155,Advertiser_2,54519,19595,752,16
2024-02-22,Billboard_24,50.04764388998231,8.572367362718126,65,Advertiser_14,112433,5748,1835,13
2024-02-22,Billboard_25,50.04737775515132,8.572211178343,65,Advertiser_20,143621,7620,2421,30
2024-02-22,Billboard_26,50.0471795350736,8.572052534371835,65,Advertiser_24,213641,22583,1287,24
2024-02-22,Billboard_27,50.04705317922137,8.571944312126819,65,Advertiser_11,178330,6424,959,23
2024-02-22,Billboard_28,50.04693314085367,8.571847158065953,65,Advertiser_21,116354,23416,571,12
2024-02-23,Billboard_1,50.05036212664683,8.572061250445264,20,Advertiser_25,202070,13180,1272,24
2024-02-23,Billboard_2,50.05048057710115,8.571991151945651,20,Advertiser_5,194748,23393,2296,19
2024-02-23,Billboard_3,50.05057454758693,8.571917364051322,20,Advertiser_28,68454,23025,1296,15
2024-02-23,Billboard_4,50.05091687799782,8.572983411274532,20,Advertiser_1,213910,19282,557,28
2024-02-23,Billboard_5,50.05086259327397,8.57257834991617,20,Advertiser_8,131026,20342,564,28
2024-02-23,Billboard_6,50.05085482034081,8.574873504923973,20,Advertiser_26,63739,21624,1692,30
2024-02-23,Billboard_7,50.05040420491223,8.573220784650983,20,Advertiser_4,60492,18292,1471,29
2024-02-23,Billboard_8,50.05044854182887,8.573382719369938,20,Advertiser_18,211467,14315,1260,13
2024-02-23,Billboard_9,50.050486920709744,8.57357330579178,20,Advertiser_6,110645,10237,1619,16
2024-02-23,Billboard_10,50.050523851302025,8.573737954416567,20,Advertiser_23,118234,24876,1508,18
2024-02-23,Billboard_11,50.05057671268854,8.573942073602089,20,Advertiser_16,224492,13320,818,30
2024-02-23,Billboard_12,50.04981480720404,8.571023999429775,20,Advertiser_22,68847,5848,1654,12
2024-02-23,Billboard_13,50.04977519420206,8.570869101861684,20,Advertiser_10,224837,23764,1300,20
2024-02-23,Billboard_14,50.049714913487726,8.570594175435751,20,Advertiser_9,101896,16290,1467,14
2024-02-23,Billboard_15,50.04968003675224,8.570455371121058,20,Advertiser_3,146466,22859,672,28
2024-02-23,Billboard_16,50.049626645160366,8.570236771084828,20,Advertiser_15,161507,9111,1378,24
2024-02-23,Billboard_17,50.049572822931,8.570011465526015,20,Advertiser_17,130485,7863,2132,29
2024-02-23,Billboard_18,50.04791871016219,8.57554516134853,155,Advertiser_13,223720,15564,2111,20
2024-02-23,Billboard_19,50.0480561196594,8.574905666267387,155,Advertiser_19,146571,22714,929,26
2024-02-23,Billboard_20,50.048105081570775,8.574765469270911,155,Advertiser_7,194607,20838,1478,14
2024-02-23,Billboard_21,50.04819905670791,8.574418666167567,155,Advertiser_12,200894,6372,887,23
2024-02-23,Billboard_22,50.048258284640994,8.57419853228282,155,Advertiser_27,167044,20774,2295,30
2024-02-23,Billboard_23,50.048296190479824,8.573857878170669,155,Advertiser_2,112587,10868,679,16
2024-02-23,Billboard_24,50.04764388998231,8.572367362718126,65,Advertiser_14,131537,11573,2119,28
2024-02-23,Billboard_25,50.04737775515132,8.572211178343,65,Advertiser_20,186520,12807,1334,16
2024-02-23,Billboard_26,50.0471795350736,8.572052534371835,65,Advertiser_24,233715,19680,1030,18
2024-02-23,Billboard_27,50.04705317922137,8.571944312126819,65,Advertiser_11,184213,17219,554,16
2024-02-23,Billboard_28,50.04693314085367,8.571847158065953,65,Advertiser_21,135575,17526,1735,27
2024-02-24,Billboard_1,50.05036212664683,8.572061250445264,20,Advertiser_25,165674,10618,1962,13
2024-02-24,Billboard_2,50.05048057710115,8.571991151945651,20,Advertiser_5,174127,10661,931,25
2024-02-24,Billboard_3,50.05057454758693,8.571917364051322,20,Advertiser_28,207324,18166,1830,13
2024-02-24,Billboard_4,50.05091687799782,8.572983411274532,20,Advertiser_1,132138,12968,1091,21
2024-02-24,Billboard_5,50.05086259327397,8.57257834991617,20,Advertiser_8,175230,14835,708,20
2024-02-24,Billboard_6,50.05085482034081,8.574873504923973,20,Advertiser_26,88576,22386,1135,21
2024-02-24,Billboard_7,50.05040420491223,8.573220784650983,20,Advertiser_4,77117,6516,949,19
2024-02-24,Billboard_8,50.05044854182887,8.573382719369938,20,Advertiser_18,222304,24298,2046,25
2024-02-24,Billboard_9,50.050486920709744,8.57357330579178,20,Advertiser_6,110354,12008,801,20
2024-02-24,Billboard_10,50.050523851302025,8.573737954416567,20,Advertiser_23,128778,11491,1296,30
2024-02-24,Billboard_11,50.05057671268854,8.573942073602089,20,Advertiser_16,249898,18777,993,26
2024-02-24,Billboard_12,50.04981480720404,8.571023999429775,20,Advertiser_22,131284,15539,1785,23
2024-02-24,Billboard_13,50.04977519420206,8.570869101861684,20,Advertiser_10,234140,21185,2422,25
2024-02-24,Billboard_14,50.049714913487726,8.570594175435751,20,Advertiser_9,205385,8565,2203,12
2024-02-24,Billboard_15,50.04968003675224,8.570455371121058,20,Advertiser_3,195106,21976,1523,12
2024-02-24,Billboard_16,50.049626645160366,8.570236771084828,20,Advertiser_15,209560,21184,2465,19
2024-02-24,Billboard_17,50.049572822931,8.570011465526015,20,Advertiser_17,91355,9863,2228,17
2024-02-24,Billboard_18,50.04791871016219,8.57554516134853,155,Advertiser_13,110675,17311,1450,18
2024-02-24,Billboard_19,50.0480561196594,8.574905666267387,155,Advertiser_19,153052,5286,1741,15
2024-02-24,Billboard_20,50.048105081570775,8.574765469270911,155,Advertiser_7,108228,13148,2469,27
2024-02-24,Billboard_21,50.04819905670791,8.574418666167567,155,Advertiser_12,194625,7337,1301,16
2024-02-24,Billboard_22,50.048258284640994,8.57419853228282,155,Advertiser_27,179917,9601,2226,24
2024-02-24,Billboard_23,50.048296190479824,8.573857878170669,155,Advertiser_2,53903,22667,1936,20
2024-02-24,Billboard_24,50.04764388998231,8.572367362718126,65,Advertiser_14,198758,19735,1190,12
2024-02-24,Billboard_25,50.04737775515132,8.572211178343,65,Advertiser_20,237059,21782,2296,15
2024-02-24,Billboard_26,50.0471795350736,8.572052534371835,65,Advertiser_24,178891,19004,788,26
2024-02-24,Billboard_27,50.04705317922137,8.571944312126819,65,Advertiser_11,72414,18125,1461,16
2024-02-24,Billboard_28,50.04693314085367,8.571847158065953,65,Advertiser_21,144488,15778,1595,28
2024-02-25,Billboard_1,50.05036212664683,8.572061250445264,20,Advertiser_25,119359,15450,1034,13
2024-02-25,Billboard_2,50.05048057710115,8.571991151945651,20,Advertiser_5,138072,8869,636,13
2024-02-25,Billboard_3,50.05057454758693,8.571917364051322,20,Advertiser_28,109252,23477,544,24
2024-02-25,Billboard_4,50.05091687799782,8.572983411274532,20,Advertiser_1,59787,17828,2278,19
2024-02-25,Billboard_5,50.05086259327397,8.57257834991617,20,Advertiser_8,75259,5127,765,17
2024-02-25,Billboard_6,50.05085482034081,8.574873504923973,20,Advertiser_26,206953,5307,738,26
2024-02-25,Billboard_7,50.05040420491223,8.573220784650983,20,Advertiser_4,224637,7382,876,13
2024-02-25,Billboard_8,50.05044854182887,8.573382719369938,20,Advertiser_18,200143,10232,2080,25
2024-02-25,Billboard_9,50.050486920709744,8.57357330579178,20,Advertiser_6,245490,17615,1867,18
2024-02-25,Billboard_10,50.050523851302025,8.573737954416567,20,Advertiser_23,228073,22604,1878,24
2024-02-25,Billboard_11,50.05057671268854,8.573942073602089,20,Advertiser_16,106131,12132,1000,13
2024-02-25,Billboard_12,50.04981480720404,8.571023999429775,20,Advertiser_22,134510,23444,2217,19
2024-02-25,Billboard_13,50.04977519420206,8.570869101861684,20,Advertiser_10,54983,24293,1510,29
2024-02-25,Billboard_14,50.049714913487726,8.570594175435751,20,Advertiser_9,217310,18073,1140,15
2024-02-25,Billboard_15,50.04968003675224,8.570455371121058,20,Advertiser_3,166142,23378,2240,15
2024-02-25,Billboard_16,50.049626645160366,8.570236771084828,20,Advertiser_15,110691,8025,1133,21
2024-02-25,Billboard_17,50.049572822931,8.570011465526015,20,Advertiser_17,191388,13926,1748,16
2024-02-25,Billboard_18,50.04791871016219,8.57554516134853,155,Advertiser_13,87019,14951,1060,22
2024-02-25,Billboard_19,50.0480561196594,8.574905666267387,155,Advertiser_19,232229,24819,863,17
2024-02-25,Billboard_20,50.048105081570775,8.574765469270911,155,Advertiser_7,163893,19879,839,13
2024-02-25,Billboard_21,50.04819905670791,8.574418666167567,155,Advertiser_12,61823,10315,1759,13
2024-02-25,Billboard_22,50.048258284640994,8.57419853228282,155,Advertiser_27,50807,9052,2349,18
2024-02-25,Billboard_23,50.048296190479824,8.573857878170669,155,Advertiser_2,74898,16951,1021,14
2024-02-25,Billboard_24,50.04764388998231,8.572367362718126,65,Advertiser_14,227010,13296,2314,30
2024-02-25,Billboard_25,50.04737775515132,8.572211178343,65,Advertiser_20,121360,23071,1793,20
2024-02-25,Billboard_26,50.0471795350736,8.572052534371835,65,Advertiser_24,95615,5476,918,18
2024-02-25,Billboard_27,50.04705317922137,8.571944312126819,65,Advertiser_11,178986,18321,1796,30
2024-02-25,Billboard_28,50.04693314085367,8.571847158065953,65,Advertiser_21,67561,21774,2009,26
2024-02-26,Billboard_1,50.05036212664683,8.572061250445264,20,Advertiser_25,166969,13668,1384,20
2024-02-26,Billboard_2,50.05048057710115,8.571991151945651,20,Advertiser_5,71920,15037,2372,12
2024-02-26,Billboard_3,50.05057454758693,8.571917364051322,20,Advertiser_28,178568,5893,548,24
2024-02-26,Billboard_4,50.05091687799782,8.572983411274532,20,Advertiser_1,185566,14422,1310,17
2024-02-26,Billboard_5,50.05086259327397,8.57257834991617,20,Advertiser_8,143236,8790,1229,17
2024-02-26,Billboard_6,50.05085482034081,8.574873504923973,20,Advertiser_26,116048,11866,983,21
2024-02-26,Billboard_7,50.05040420491223,8.573220784650983,20,Advertiser_4,107323,7375,950,29
2024-02-26,Billboard_8,50.05044854182887,8.573382719369938,20,Advertiser_18,149964,20489,681,26
2024-02-26,Billboard_9,50.050486920709744,8.57357330579178,20,Advertiser_6,155998,21242,700,17
2024-02-26,Billboard_10,50.050523851302025,8.573737954416567,20,Advertiser_23,129750,7090,1534,21
2024-02-26,Billboard_11,50.05057671268854,8.573942073602089,20,Advertiser_16,212661,15125,713,25
2024-02-26,Billboard_12,50.04981480720404,8.571023999429775,20,Advertiser_22,86733,16234,1567,23
2024-02-26,Billboard_13,50.04977519420206,8.570869101861684,20,Advertiser_10,164975,20662,644,19
2024-02-26,Billboard_14,50.049714913487726,8.570594175435751,20,Advertiser_9,58805,14326,2041,14
2024-02-26,Billboard_15,50.04968003675224,8.570455371121058,20,Advertiser_3,228674,8603,2373,20
2024-02-26,Billboard_16,50.049626645160366,8.570236771084828,20,Advertiser_15,117980,13921,711,14
2024-02-26,Billboard_17,50.049572822931,8.570011465526015,20,Advertiser_17,56440,20364,633,24
2024-02-26,Billboard_18,50.04791871016219,8.57554516134853,155,Advertiser_13,150404,6522,842,19
2024-02-26,Billboard_19,50.0480561196594,8.574905666267387,155,Advertiser_19,80966,16325,1678,14
2024-02-26,Billboard_20,50.048105081570775,8.574765469270911,155,Advertiser_7,227621,10736,1674,26
2024-02-26,Billboard_21,50.04819905670791,8.574418666167567,155,Advertiser_12,180215,23444,1327,15
2024-02-26,Billboard_22,50.048258284640994,8.57419853228282,155,Advertiser_27,122369,9958,599,20
2024-02-26,Billboard_23,50.048296190479824,8.573857878170669,155,Advertiser_2,191395,24202,1539,15
2024-02-26,Billboard_24,50.04764388998231,8.572367362718126,65,Advertiser_14,70387,17171,1114,15
2024-02-26,Billboard_25,50.04737775515132,8.572211178343,65,Advertiser_20,104623,7266,1694,21
2024-02-26,Billboard_26,50.0471795350736,8.572052534371835,65,Advertiser_24,126249,9317,2046,28
2024-02-26,Billboard_27,50.04705317922137,8.571944312126819,65,Advertiser_11,177404,16126,988,15
2024-02-26,Billboard_28,50.04693314085367,8.571847158065953,65,Advertiser_21,227112,12342,2426,14
2024-02-27,Billboard_1,50.05036212664683,8.572061250445264,20,Advertiser_25,212792,5586,2484,24
2024-02-27,Billboard_2,50.05048057710115,8.571991151945651,20,Advertiser_5,154787,18439,2471,20
2024-02-27,Billboard_3,50.05057454758693,8.571917364051322,20,Advertiser_28,231190,9654,1127,22
2024-02-27,Billboard_4,50.05091687799782,8.572983411274532,20,Advertiser_1,60891,16240,916,16
2024-02-27,Billboard_5,50.05086259327397,8.57257834991617,20,Advertiser_8,219435,13453,1913,24
2024-02-27,Billboard_6,50.05085482034081,8.574873504923973,20,Advertiser_26,142145,14940,1292,29
2024-02-27,Billboard_7,50.05040420491223,8.573220784650983,20,Advertiser_4,222648,7187,1209,19
2024-02-27,Billboard_8,50.05044854182887,8.573382719369938,20,Advertiser_18,126835,5747,807,13
2024-02-27,Billboard_9,50.050486920709744,8.57357330579178,20,Advertiser_6,82457,20467,1999,13
2024-02-27,Billboard_10,50.050523851302025,8.573737954416567,20,Advertiser_23,114886,23004,2148,19
2024-02-27,Billboard_11,50.05057671268854,8.573942073602089,20,Advertiser_16,138191,6054,620,28
2024-02-27,Billboard_12,50.04981480720404,8.571023999429775,20,Advertiser_22,64160,9426,2446,23
2024-02-27,Billboard_13,50.04977519420206,8.570869101861684,20,Advertiser_10,138135,7266,1435,12
2024-02-27,Billboard_14,50.049714913487726,8.570594175435751,20,Advertiser_9,243030,9837,1222,20
2024-02-27,Billboard_15,50.04968003675224,8.570455371121058,20,Advertiser_3,119819,6697,1461,27
2024-02-27,Billboard_16,50.049626645160366,8.570236771084828,20,Advertiser_15,176532,15295,2411,27
2024-02-27,Billboard_17,50.049572822931,8.570011465526015,20,Advertiser_17,122721,24649,689,13
2024-02-27,Billboard_18,50.04791871016219,8.57554516134853,155,Advertiser_13,68520,8378,684,13
2024-02-27,Billboard_19,50.0480561196594,8.574905666267387,155,Advertiser_19,151795,5610,1627,13
2024-02-27,Billboard_20,50.048105081570775,8.574765469270911,155,Advertiser_7,233112,11150,2344,16
2024-02-27,Billboard_21,50.04819905670791,8.574418666167567,155,Advertiser_12,59410,17211,1038,26
2024-02-27,Billboard_22,50.048258284640994,8.57419853228282,155,Advertiser_27,149951,10272,1986,15
2024-02-27,Billboard_23,50.048296190479824,8.573857878170669,155,Advertiser_2,213353,20546,1536,17
2024-02-27,Billboard_24,50.04764388998231,8.572367362718126,65,Advertiser_14,151579,6395,605,27
2024-02-27,Billboard_25,50.04737775515132,8.572211178343,65,Advertiser_20,205701,20337,679,28
2024-02-27,Billboard_26,50.0471795350736,8.572052534371835,65,Advertiser_24,131142,11128,2272,15
2024-02-27,Billboard_27,50.04705317922137,8.571944312126819,65,Advertiser_11,85633,8601,2121,30
2024-02-27,Billboard_28,50.04693314085367,8.571847158065953,65,Advertiser_21,169852,12632,729,26
2024-02-28,Billboard_1,50.05036212664683,8.572061250445264,20,Advertiser_25,230774,16810,779,16
2024-02-28,Billboard_2,50.05048057710115,8.571991151945651,20,Advertiser_5,183661,5308,1709,29
2024-02-28,Billboard_3,50.05057454758693,8.571917364051322,20,Advertiser_28,87435,6541,940,26
2024-02-28,Billboard_4,50.05091687799782,8.572983411274532,20,Advertiser_1,181125,15565,1685,23
2024-02-28,Billboard_5,50.05086259327397,8.57257834991617,20,Advertiser_8,65136,19566,814,26
2024-02-28,Billboard_6,50.05085482034081,8.574873504923973,20,Advertiser_26,194404,21076,1663,24
2024-02-28,Billboard_7,50.05040420491223,8.573220784650983,20,Advertiser_4,79606,17947,1206,14
2024-02-28,Billboard_8,50.05044854182887,8.573382719369938,20,Advertiser_18,138036,6035,850,23
2024-02-28,Billboard_9,50.050486920709744,8.57357330579178,20,Advertiser_6,160631,5686,1609,29
2024-02-28,Billboard_10,50.050523851302025,8.573737954416567,20,Advertiser_23,236932,10031,648,18
2024-02-28,Billboard_11,50.05057671268854,8.573942073602089,20,Advertiser_16,61760,13401,2037,12
2024-02-28,Billboard_12,50.04981480720404,8.571023999429775,20,Advertiser_22,156772,8406,1890,12
2024-02-28,Billboard_13,50.04977519420206,8.570869101861684,20,Advertiser_10,244077,24252,1156,23
2024-02-28,Billboard_14,50.049714913487726,8.570594175435751,20,Advertiser_9,200302,17259,2369,30
2024-02-28,Billboard_15,50.04968003675224,8.570455371121058,20,Advertiser_3,189423,5371,2249,13
2024-02-28,Billboard_16,50.049626645160366,8.570236771084828,20,Advertiser_15,150685,20592,1465,12
2024-02-28,Billboard_17,50.049572822931,8.570011465526015,20,Advertiser_17,139192,9739,1253,28
2024-02-28,Billboard_18,50.04791871016219,8.57554516134853,155,Advertiser_13,235236,13390,1902,23
2024-02-28,Billboard_19,50.0480561196594,8.574905666267387,155,Advertiser_19,248925,16330,1337,26
2024-02-28,Billboard_20,50.048105081570775,8.574765469270911,155,Advertiser_7,51875,23667,893,23
2024-02-28,Billboard_21,50.04819905670791,8.574418666167567,155,Advertiser_12,93429,19744,1871,24
2024-02-28,Billboard_22,50.048258284640994,8.57419853228282,155,Advertiser_27,164825,11436,1692,27
2024-02-28,Billboard_23,50.048296190479824,8.573857878170669,155,Advertiser_2,129082,19359,1721,15
2024-02-28,Billboard_24,50.04764388998231,8.572367362718126,65,Advertiser_14,238442,18073,1797,28
2024-02-28,Billboard_25,50.04737775515132,8.572211178343,65,Advertiser_20,185249,15975,1156,29
2024-02-28,Billboard_26,50.0471795350736,8.572052534371835,65,Advertiser_24,221873,11969,2191,25
2024-02-28,Billboard_27,50.04705317922137,8.571944312126819,65,Advertiser_11,65994,22216,1570,17
2024-02-28,Billboard_28,50.04693314085367,8.571847158065953,65,Advertiser_21,127781,19128,2469,29
2024-02-29,Billboard_1,50.05036212664683,8.572061250445264,20,Advertiser_25,131062,9963,882,30
2024-02-29,Billboard_2,50.05048057710115,8.571991151945651,20,Advertiser_5,152796,19384,1813,28
2024-02-29,Billboard_3,50.05057454758693,8.571917364051322,20,Advertiser_28,105413,8956,2373,22
2024-02-29,Billboard_4,50.05091687799782,8.572983411274532,20,Advertiser_1,57733,24235,1031,16
2024-02-29,Billboard_5,50.05086259327397,8.57257834991617,20,Advertiser_8,80990,9165,1992,29
2024-02-29,Billboard_6,50.05085482034081,8.574873504923973,20,Advertiser_26,172469,16252,2481,23
2024-02-29,Billboard_7,50.05040420491223,8.573220784650983,20,Advertiser_4,155338,11371,2024,17
2024-02-29,Billboard_8,50.05044854182887,8.573382719369938,20,Advertiser_18,170850,23668,523,25
2024-02-29,Billboard_9,50.050486920709744,8.57357330579178,20,Advertiser_6,128688,14241,1799,16
2024-02-29,Billboard_10,50.050523851302025,8.573737954416567,20,Advertiser_23,71717,13379,2433,19
2024-02-29,Billboard_11,50.05057671268854,8.573942073602089,20,Advertiser_16,172913,10531,838,27
2024-02-29,Billboard_12,50.04981480720404,8.571023999429775,20,Advertiser_22,131939,20298,1382,12
2024-02-29,Billboard_13,50.04977519420206,8.570869101861684,20,Advertiser_10,190595,22583,1303,23
2024-02-29,Billboard_14,50.049714913487726,8.570594175435751,20,Advertiser_9,108230,17808,507,30
2024-02-29,Billboard_15,50.04968003675224,8.570455371121058,20,Advertiser_3,96204,8050,1121,28
2024-02-29,Billboard_16,50.049626645160366,8.570236771084828,20,Advertiser_15,102930,16201,1218,16
2024-02-29,Billboard_17,50.049572822931,8.570011465526015,20,Advertiser_17,118426,19056,1323,20
2024-02-29,Billboard_18,50.04791871016219,8.57554516134853,155,Advertiser_13,61603,9136,2233,19
2024-02-29,Billboard_19,50.0480561196594,8.574905666267387,155,Advertiser_19,109429,15168,691,12
2024-02-29,Billboard_20,50.048105081570775,8.574765469270911,155,Advertiser_7,143307,7364,2142,19
2024-02-29,Billboard_21,50.04819905670791,8.574418666167567,155,Advertiser_12,99081,13619,1551,23
2024-02-29,Billboard_22,50.048258284640994,8.57419853228282,155,Advertiser_27,206386,13853,2159,14
2024-02-29,Billboard_23,50.048296190479824,8.573857878170669,155,Advertiser_2,233918,23942,2062,29
2024-02-29,Billboard_24,50.04764388998231,8.572367362718126,65,Advertiser_14,119247,19937,1488,20
2024-02-29,Billboard_25,50.04737775515132,8.572211178343,65,Advertiser_20,228218,12288,2442,26
2024-02-29,Billboard_26,50.0471795350736,8.572052534371835,65,Advertiser_24,168182,24808,2225,21
2024-02-29,Billboard_27,50.04705317922137,8.571944312126819,65,Advertiser_11,139874,13074,2096,23
2024-02-29,Billboard_28,50.04693314085367,8.571847158065953,65,Advertiser_21,116302,18311,1647,17
2024-03-01,Billboard_1,50.05036212664683,8.572061250445264,20,Advertiser_25,54509,10318,1044,16
2024-03-01,Billboard_2,50.05048057710115,8.571991151945651,20,Advertiser_5,229882,12729,1431,12
2024-03-01,Billboard_3,50.05057454758693,8.571917364051322,20,Advertiser_28,235312,20114,1262,12
2024-03-01,Billboard_4,50.05091687799782,8.572983411274532,20,Advertiser_1,184680,24772,1373,26
2024-03-01,Billboard_5,50.05086259327397,8.57257834991617,20,Advertiser_8,194931,24226,1761,19
2024-03-01,Billboard_6,50.05085482034081,8.574873504923973,20,Advertiser_26,92748,8094,535,26
2024-03-01,Billboard_7,50.05040420491223,8.573220784650983,20,Advertiser_4,56784,19899,686,18
2024-03-01,Billboard_8,50.05044854182887,8.573382719369938,20,Advertiser_18,120973,13435,1591,25
2024-03-01,Billboard_9,50.050486920709744,8.57357330579178,20,Advertiser_6,215423,21617,1960,14
2024-03-01,Billboard_10,50.050523851302025,8.573737954416567,20,Advertiser_23,242975,16785,2246,25
2024-03-01,Billboard_11,50.05057671268854,8.573942073602089,20,Advertiser_16,53554,24261,2031,20
2024-03-01,Billboard_12,50.04981480720404,8.571023999429775,20,Advertiser_22,147794,7478,728,12
2024-03-01,Billboard_13,50.04977519420206,8.570869101861684,20,Advertiser_10,129106,13449,1268,19
2024-03-01,Billboard_14,50.049714913487726,8.570594175435751,20,Advertiser_9,100119,24733,1513,22
2024-03-01,Billboard_15,50.04968003675224,8.570455371121058,20,Advertiser_3,138362,18385,1187,25
2024-03-01,Billboard_16,50.049626645160366,8.570236771084828,20,Advertiser_15,206062,13188,1784,14
2024-03-01,Billboard_17,50.049572822931,8.570011465526015,20,Advertiser_17,54732,6252,1282,16
2024-03-01,Billboard_18,50.04791871016219,8.57554516134853,155,Advertiser_13,226343,18628,1160,24
2024-03-01,Billboard_19,50.0480561196594,8.574905666267387,155,Advertiser_19,90633,17891,886,16
2024-03-01,Billboard_20,50.048105081570775,8.574765469270911,155,Advertiser_7,65348,14796,626,20
2024-03-01,Billboard_21,50.04819905670791,8.574418666167567,155,Advertiser_12,106383,16361,1312,21
2024-03-01,Billboard_22,50.048258284640994,8.57419853228282,155,Advertiser_27,240493,11725,549,15
2024-03-01,Billboard_23,50.048296190479824,8.573857878170669,155,Advertiser_2,101854,5011,657,30
2024-03-01,Billboard_24,50.04764388998231,8.572367362718126,65,Advertiser_14,123747,14056,1485,15
2024-03-01,Billboard_25,50.04737775515132,8.572211178343,65,Advertiser_20,199819,6078,2149,26
2024-03-01,Billboard_26,50.0471795350736,8.572052534371835,65,Advertiser_24,118029,23419,2207,23
2024-03-01,Billboard_27,50.04705317922137,8.571944312126819,65,Advertiser_11,173294,18363,809,18
2024-03-01,Billboard_28,50.04693314085367,8.571847158065953,65,Advertiser_21,247844,15738,1716,17
2024-03-02,Billboard_1,50.05036212664683,8.572061250445264,20,Advertiser_25,124839,13261,2331,14
2024-03-02,Billboard_2,50.05048057710115,8.571991151945651,20,Advertiser_5,239107,18577,2298,21
2024-03-02,Billboard_3,50.05057454758693,8.571917364051322,20,Advertiser_28,98310,14338,633,30
2024-03-02,Billboard_4,50.05091687799782,8.572983411274532,20,Advertiser_1,207590,24183,1040,30
2024-03-02,Billboard_5,50.05086259327397,8.57257834991617,20,Advertiser_8,186435,16318,712,30
2024-03-02,Billboard_6,50.05085482034081,8.574873504923973,20,Advertiser_26,107692,19670,2160,16
2024-03-02,Billboard_7,50.05040420491223,8.573220784650983,20,Advertiser_4,99406,24626,1713,14
2024-03-02,Billboard_8,50.05044854182887,8.573382719369938,20,Advertiser_18,84501,16265,580,12
2024-03-02,Billboard_9,50.050486920709744,8.57357330579178,20,Advertiser_6,230967,5829,1651,24
2024-03-02,Billboard_10,50.050523851302025,8.573737954416567,20,Advertiser_23,181530,21361,846,13
2024-03-02,Billboard_11,50.05057671268854,8.573942073602089,20,Advertiser_16,192521,12263,2303,22
2024-03-02,Billboard_12,50.04981480720404,8.571023999429775,20,Advertiser_22,122749,18828,1607,25
2024-03-02,Billboard_13,50.04977519420206,8.570869101861684,20,Advertiser_10,222488,10845,572,24
2024-03-02,Billboard_14,50.049714913487726,8.570594175435751,20,Advertiser_9,74424,23807,1228,28
2024-03-02,Billboard_15,50.04968003675224,8.570455371121058,20,Advertiser_3,202579,22822,1191,29
2024-03-02,Billboard_16,50.049626645160366,8.570236771084828,20,Advertiser_15,58956,15351,1300,19
2024-03-02,Billboard_17,50.049572822931,8.570011465526015,20,Advertiser_17,215169,21323,2120,30
2024-03-02,Billboard_18,50.04791871016219,8.57554516134853,155,Advertiser_13,132571,8827,2306,17
2024-03-02,Billboard_19,50.0480561196594,8.574905666267387,155,Advertiser_19,185751,15992,2473,18
2024-03-02,Billboard_20,50.048105081570775,8.574765469270911,155,Advertiser_7,89089,22942,508,18
2024-03-02,Billboard_21,50.04819905670791,8.574418666167567,155,Advertiser_12,83912,13015,1583,21
2024-03-02,Billboard_22,50.048258284640994,8.57419853228282,155,Advertiser_27,152859,16340,2451,29
2024-03-02,Billboard_23,50.048296190479824,8.573857878170669,155,Advertiser_2,120918,24510,1969,27
2024-03-02,Billboard_24,50.04764388998231,8.572367362718126,65,Advertiser_14,224802,22869,1220,28
2024-03-02,Billboard_25,50.04737775515132,8.572211178343,65,Advertiser_20,223902,10466,948,27
2024-03-02,Billboard_26,50.0471795350736,8.572052534371835,65,Advertiser_24,79600,12658,2363,21
2024-03-02,Billboard_27,50.04705317922137,8.571944312126819,65,Advertiser_11,138705,6513,1318,30
2024-03-02,Billboard_28,50.04693314085367,8.571847158065953,65,Advertiser_21,108371,20770,1122,28
2024-03-03,Billboard_1,50.05036212664683,8.572061250445264,20,Advertiser_25,164512,5394,2290,22
2024-03-03,Billboard_2,50.05048057710115,8.571991151945651,20,Advertiser_5,246770,23911,1904,20
2024-03-03,Billboard_3,50.05057454758693,8.571917364051322,20,Advertiser_28,215498,13237,1068,14
2024-03-03,Billboard_4,50.05091687799782,8.572983411274532,20,Advertiser_1,93533,10498,1609,20
2024-03-03,Billboard_5,50.05086259327397,8.57257834991617,20,Advertiser_8,164540,9632,1398,29
2024-03-03,Billboard_6,50.05085482034081,8.574873504923973,20,Advertiser_26,93191,20023,721,14
2024-03-03,Billboard_7,50.05040420491223,8.573220784650983,20,Advertiser_4,121524,23100,1289,20
2024-03-03,Billboard_8,50.05044854182887,8.573382719369938,20,Advertiser_18,235055,22871,1659,24
2024-03-03,Billboard_9,50.050486920709744,8.57357330579178,20,Advertiser_6,231746,24114,995,13
2024-03-03,Billboard_10,50.050523851302025,8.573737954416567,20,Advertiser_23,203031,18235,1583,21
2024-03-03,Billboard_11,50.05057671268854,8.573942073602089,20,Advertiser_16,247847,12399,1246,17
2024-03-03,Billboard_12,50.04981480720404,8.571023999429775,20,Advertiser_22,200829,7126,1973,19
2024-03-03,Billboard_13,50.04977519420206,8.570869101861684,20,Advertiser_10,101079,14110,1445,15
2024-03-03,Billboard_14,50.049714913487726,8.570594175435751,20,Advertiser_9,152374,23097,875,16
2024-03-03,Billboard_15,50.04968003675224,8.570455371121058,20,Advertiser_3,117425,10344,990,12
2024-03-03,Billboard_16,50.049626645160366,8.570236771084828,20,Advertiser_15,240610,18049,1504,12
2024-03-03,Billboard_17,50.049572822931,8.570011465526015,20,Advertiser_17,158443,23563,592,29
2024-03-03,Billboard_18,50.04791871016219,8.57554516134853,155,Advertiser_13,193153,9997,2145,13
2024-03-03,Billboard_19,50.0480561196594,8.574905666267387,155,Advertiser_19,89324,19781,1133,12
2024-03-03,Billboard_20,50.048105081570775,8.574765469270911,155,Advertiser_7,150123,11737,2139,16
2024-03-03,Billboard_21,50.04819905670791,8.574418666167567,155,Advertiser_12,234692,9768,867,28
2024-03-03,Billboard_22,50.048258284640994,8.57419853228282,155,Advertiser_27,216490,16965,2447,21
2024-03-03,Billboard_23,50.048296190479824,8.573857878170669,155,Advertiser_2,126750,5620,1871,21
2024-03-03,Billboard_24,50.04764388998231,8.572367362718126,65,Advertiser_14,97453,19876,791,30
2024-03-03,Billboard_25,50.04737775515132,8.572211178343,65,Advertiser_20,56632,22747,836,30
2024-03-03,Billboard_26,50.0471795350736,8.572052534371835,65,Advertiser_24,186756,14236,1131,28
2024-03-03,Billboard_27,50.04705317922137,8.571944312126819,65,Advertiser_11,155890,20348,1332,21
2024-03-03,Billboard_28,50.04693314085367,8.571847158065953,65,Advertiser_21,234357,10262,2191,23
2024-03-04,Billboard_1,50.05036212664683,8.572061250445264,20,Advertiser_25,218222,10722,2111,14
2024-03-04,Billboard_2,50.05048057710115,8.571991151945651,20,Advertiser_5,177637,5688,537,20
2024-03-04,Billboard_3,50.05057454758693,8.571917364051322,20,Advertiser_28,124523,18311,2091,22
2024-03-04,Billboard_4,50.05091687799782,8.572983411274532,20,Advertiser_1,117900,5962,1087,12
2024-03-04,Billboard_5,50.05086259327397,8.57257834991617,20,Advertiser_8,196472,6627,646,14
2024-03-04,Billboard_6,50.05085482034081,8.574873504923973,20,Advertiser_26,78181,16237,676,14
2024-03-04,Billboard_7,50.05040420491223,8.573220784650983,20,Advertiser_4,123365,19840,1628,17
2024-03-04,Billboard_8,50.05044854182887,8.573382719369938,20,Advertiser_18,142298,11073,1223,19
2024-03-04,Billboard_9,50.050486920709744,8.57357330579178,20,Advertiser_6,243493,16938,981,20
2024-03-04,Billboard_10,50.050523851302025,8.573737954416567,20,Advertiser_23,241610,7702,1801,29
2024-03-04,Billboard_11,50.05057671268854,8.573942073602089,20,Advertiser_16,243150,20578,1005,23
2024-03-04,Billboard_12,50.04981480720404,8.571023999429775,20,Advertiser_22,85657,7436,1631,22
2024-03-04,Billboard_13,50.04977519420206,8.570869101861684,20,Advertiser_10,221299,16133,1632,30
2024-03-04,Billboard_14,50.049714913487726,8.570594175435751,20,Advertiser_9,225472,9600,2358,23
2024-03-04,Billboard_15,50.04968003675224,8.570455371121058,20,Advertiser_3,56168,20914,1455,21
2024-03-04,Billboard_16,50.049626645160366,8.570236771084828,20,Advertiser_15,59982,5608,2469,17
2024-03-04,Billboard_17,50.049572822931,8.570011465526015,20,Advertiser_17,226310,19779,2193,15
2024-03-04,Billboard_18,50.04791871016219,8.57554516134853,155,Advertiser_13,74882,21974,1060,17
2024-03-04,Billboard_19,50.0480561196594,8.574905666267387,155,Advertiser_19,91282,6711,752,14
2024-03-04,Billboard_20,50.048105081570775,8.574765469270911,155,Advertiser_7,198442,17882,1982,24
2024-03-04,Billboard_21,50.04819905670791,8.574418666167567,155,Advertiser_12,188668,10996,2029,17
2024-03-04,Billboard_22,50.048258284640994,8.57419853228282,155,Advertiser_27,165086,5654,818,29
2024-03-04,Billboard_23,50.048296190479824,8.573857878170669,155,Advertiser_2,190222,16911,938,28
2024-03-04,Billboard_24,50.04764388998231,8.572367362718126,65,Advertiser_14,167941,9209,777,21
2024-03-04,Billboard_25,50.04737775515132,8.572211178343,65,Advertiser_20,217746,13290,1406,18
2024-03-04,Billboard_26,50.0471795350736,8.572052534371835,65,Advertiser_24,93556,15282,1747,16
2024-03-04,Billboard_27,50.04705317922137,8.571944312126819,65,Advertiser_11,84271,11298,1080,22
2024-03-04,Billboard_28,50.04693314085367,8.571847158065953,65,Advertiser_21,228597,18963,1909,16
2024-03-05,Billboard_1,50.05036212664683,8.572061250445264,20,Advertiser_25,228412,17899,1576,26
2024-03-05,Billboard_2,50.05048057710115,8.571991151945651,20,Advertiser_5,138386,23930,1363,25
2024-03-05,Billboard_3,50.05057454758693,8.571917364051322,20,Advertiser_28,89361,5159,2414,15
2024-03-05,Billboard_4,50.05091687799782,8.572983411274532,20,Advertiser_1,73393,10759,1467,20
2024-03-05,Billboard_5,50.05086259327397,8.57257834991617,20,Advertiser_8,67735,12418,978,18
2024-03-05,Billboard_6,50.05085482034081,8.574873504923973,20,Advertiser_26,245400,23051,2025,15
2024-03-05,Billboard_7,50.05040420491223,8.573220784650983,20,Advertiser_4,152116,8574,2015,30
2024-03-05,Billboard_8,50.05044854182887,8.573382719369938,20,Advertiser_18,107271,16653,1478,15
2024-03-05,Billboard_9,50.050486920709744,8.57357330579178,20,Advertiser_6,54881,10427,580,21
2024-03-05,Billboard_10,50.050523851302025,8.573737954416567,20,Advertiser_23,91671,13999,1720,19
2024-03-05,Billboard_11,50.05057671268854,8.573942073602089,20,Advertiser_16,244947,12415,1701,21
2024-03-05,Billboard_12,50.04981480720404,8.571023999429775,20,Advertiser_22,101131,20234,2010,25
2024-03-05,Billboard_13,50.04977519420206,8.570869101861684,20,Advertiser_10,244143,23990,1308,26
2024-03-05,Billboard_14,50.049714913487726,8.570594175435751,20,Advertiser_9,243554,8152,1913,18
2024-03-05,Billboard_15,50.04968003675224,8.570455371121058,20,Advertiser_3,70115,21939,1545,16
2024-03-05,Billboard_16,50.049626645160366,8.570236771084828,20,Advertiser_15,134934,10629,2385,16
2024-03-05,Billboard_17,50.049572822931,8.570011465526015,20,Advertiser_17,88194,18332,1935,26
2024-03-05,Billboard_18,50.04791871016219,8.57554516134853,155,Advertiser_13,98319,20845,2444,20
2024-03-05,Billboard_19,50.0480561196594,8.574905666267387,155,Advertiser_19,60058,21734,726,28
2024-03-05,Billboard_20,50.048105081570775,8.574765469270911,155,Advertiser_7,97707,22884,2048,15
2024-03-05,Billboard_21,50.04819905670791,8.574418666167567,155,Advertiser_12,226900,8990,909,17
2024-03-05,Billboard_22,50.048258284640994,8.57419853228282,155,Advertiser_27,221137,17599,1833,19
2024-03-05,Billboard_23,50.048296190479824,8.573857878170669,155,Advertiser_2,91155,10644,2412,27
2024-03-05,Billboard_24,50.04764388998231,8.572367362718126,65,Advertiser_14,73426,12755,2245,17
2024-03-05,Billboard_25,50.04737775515132,8.572211178343,65,Advertiser_20,92545,20352,1210,27
2024-03-05,Billboard_26,50.0471795350736,8.572052534371835,65,Advertiser_24,52168,20613,592,25
2024-03-05,Billboard_27,50.04705317922137,8.571944312126819,65,Advertiser_11,51169,24290,633,26
2024-03-05,Billboard_28,50.04693314085367,8.571847158065953,65,Advertiser_21,63740,14389,2123,26
2024-03-06,Billboard_1,50.05036212664683,8.572061250445264,20,Advertiser_25,230842,20781,2322,28
2024-03-06,Billboard_2,50.05048057710115,8.571991151945651,20,Advertiser_5,243455,17418,2129,20
2024-03-06,Billboard_3,50.05057454758693,8.571917364051322,20,Advertiser_28,173676,8741,803,18
2024-03-06,Billboard_4,50.05091687799782,8.572983411274532,20,Advertiser_1,158740,19423,841,26
2024-03-06,Billboard_5,50.05086259327397,8.57257834991617,20,Advertiser_8,71604,22961,1481,18
2024-03-06,Billboard_6,50.05085482034081,8.574873504923973,20,Advertiser_26,162930,18725,801,23
2024-03-06,Billboard_7,50.05040420491223,8.573220784650983,20,Advertiser_4,63068,24887,1628,26
2024-03-06,Billboard_8,50.05044854182887,8.573382719369938,20,Advertiser_18,97042,10437,1825,26
2024-03-06,Billboard_9,50.050486920709744,8.57357330579178,20,Advertiser_6,104377,20688,2489,20
2024-03-06,Billboard_10,50.050523851302025,8.573737954416567,20,Advertiser_23,165846,16250,2464,21
2024-03-06,Billboard_11,50.05057671268854,8.573942073602089,20,Advertiser_16,240816,6330,1756,30
2024-03-06,Billboard_12,50.04981480720404,8.571023999429775,20,Advertiser_22,82477,15324,541,27
2024-03-06,Billboard_13,50.04977519420206,8.570869101861684,20,Advertiser_10,63738,18018,2274,12
2024-03-06,Billboard_14,50.049714913487726,8.570594175435751,20,Advertiser_9,143845,21576,1067,23
2024-03-06,Billboard_15,50.04968003675224,8.570455371121058,20,Advertiser_3,242617,13157,1409,14
2024-03-06,Billboard_16,50.049626645160366,8.570236771084828,20,Advertiser_15,243727,11133,738,18
2024-03-06,Billboard_17,50.049572822931,8.570011465526015,20,Advertiser_17,138648,9301,593,17
2024-03-06,Billboard_18,50.04791871016219,8.57554516134853,155,Advertiser_13,121664,7899,1429,27
2024-03-06,Billboard_19,50.0480561196594,8.574905666267387,155,Advertiser_19,211122,7453,2392,19
2024-03-06,Billboard_20,50.048105081570775,8.574765469270911,155,Advertiser_7,132663,11741,1853,24
2024-03-06,Billboard_21,50.04819905670791,8.574418666167567,155,Advertiser_12,122288,22294,1154,15
2024-03-06,Billboard_22,50.048258284640994,8.57419853228282,155,Advertiser_27,171344,6117,1336,26
2024-03-06,Billboard_23,50.048296190479824,8.573857878170669,155,Advertiser_2,109958,7200,1236,28
2024-03-06,Billboard_24,50.04764388998231,8.572367362718126,65,Advertiser_14,147199,17017,1798,21
2024-03-06,Billboard_25,50.04737775515132,8.572211178343,65,Advertiser_20,77731,21650,1419,19
2024-03-06,Billboard_26,50.0471795350736,8.572052534371835,65,Advertiser_24,95994,19337,2166,16
2024-03-06,Billboard_27,50.04705317922137,8.571944312126819,65,Advertiser_11,224387,20411,2353,26
2024-03-06,Billboard_28,50.04693314085367,8.571847158065953,65,Advertiser_21,166560,23516,1270,29
2024-03-07,Billboard_1,50.05036212664683,8.572061250445264,20,Advertiser_25,112037,6661,2226,29
2024-03-07,Billboard_2,50.05048057710115,8.571991151945651,20,Advertiser_5,103319,23287,1871,18
2024-03-07,Billboard_3,50.05057454758693,8.571917364051322,20,Advertiser_28,104599,8734,1407,29
2024-03-07,Billboard_4,50.05091687799782,8.572983411274532,20,Advertiser_1,60963,11885,1560,28
2024-03-07,Billboard_5,50.05086259327397,8.57257834991617,20,Advertiser_8,208742,5877,1847,13
2024-03-07,Billboard_6,50.05085482034081,8.574873504923973,20,Advertiser_26,218297,6243,966,12
2024-03-07,Billboard_7,50.05040420491223,8.573220784650983,20,Advertiser_4,161235,18866,2405,14
2024-03-07,Billboard_8,50.05044854182887,8.573382719369938,20,Advertiser_18,184056,12724,2309,15
2024-03-07,Billboard_9,50.050486920709744,8.57357330579178,20,Advertiser_6,187729,9795,1335,18
2024-03-07,Billboard_10,50.050523851302025,8.573737954416567,20,Advertiser_23,188965,21643,641,29
2024-03-07,Billboard_11,50.05057671268854,8.573942073602089,20,Advertiser_16,125765,6354,1151,25
2024-03-07,Billboard_12,50.04981480720404,8.571023999429775,20,Advertiser_22,81159,10193,1590,25
2024-03-07,Billboard_13,50.04977519420206,8.570869101861684,20,Advertiser_10,212887,18132,983,28
2024-03-07,Billboard_14,50.049714913487726,8.570594175435751,20,Advertiser_9,168217,18330,2289,23
2024-03-07,Billboard_15,50.04968003675224,8.570455371121058,20,Advertiser_3,120926,8661,2199,26
2024-03-07,Billboard_16,50.049626645160366,8.570236771084828,20,Advertiser_15,218666,18947,866,24
2024-03-07,Billboard_17,50.049572822931,8.570011465526015,20,Advertiser_17,96969,9276,2142,13
2024-03-07,Billboard_18,50.04791871016219,8.57554516134853,155,Advertiser_13,141324,13571,1890,21
2024-03-07,Billboard_19,50.0480561196594,8.574905666267387,155,Advertiser_19,157338,20813,2193,20
2024-03-07,Billboard_20,50.048105081570775,8.574765469270911,155,Advertiser_7,106856,9882,1835,16
2024-03-07,Billboard_21,50.04819905670791,8.574418666167567,155,Advertiser_12,195282,14836,1907,26
2024-03-07,Billboard_22,50.048258284640994,8.57419853228282,155,Advertiser_27,200994,22137,698,27
2024-03-07,Billboard_23,50.048296190479824,8.573857878170669,155,Advertiser_2,137551,6585,2046,24
2024-03-07,Billboard_24,50.04764388998231,8.572367362718126,65,Advertiser_14,247144,9286,953,14
2024-03-07,Billboard_25,50.04737775515132,8.572211178343,65,Advertiser_20,102996,14979,1487,19
2024-03-07,Billboard_26,50.0471795350736,8.572052534371835,65,Advertiser_24,155405,18874,2283,20
2024-03-07,Billboard_27,50.04705317922137,8.571944312126819,65,Advertiser_11,214323,5808,1784,24
2024-03-07,Billboard_28,50.04693314085367,8.571847158065953,65,Advertiser_21,72287,6065,1287,17
2024-03-08,Billboard_1,50.05036212664683,8.572061250445264,20,Advertiser_25,228367,11968,2072,18
2024-03-08,Billboard_2,50.05048057710115,8.571991151945651,20,Advertiser_5,182936,17609,1485,25
2024-03-08,Billboard_3,50.05057454758693,8.571917364051322,20,Advertiser_28,190210,9417,1382,28
2024-03-08,Billboard_4,50.05091687799782,8.572983411274532,20,Advertiser_1,241067,18840,1829,19
2024-03-08,Billboard_5,50.05086259327397,8.57257834991617,20,Advertiser_8,243642,18090,2188,16
2024-03-08,Billboard_6,50.05085482034081,8.574873504923973,20,Advertiser_26,237308,12147,1918,14
2024-03-08,Billboard_7,50.05040420491223,8.573220784650983,20,Advertiser_4,138349,15506,864,19
2024-03-08,Billboard_8,50.05044854182887,8.573382719369938,20,Advertiser_18,56268,15504,1405,22
2024-03-08,Billboard_9,50.050486920709744,8.57357330579178,20,Advertiser_6,158998,15649,2327,26
2024-03-08,Billboard_10,50.050523851302025,8.573737954416567,20,Advertiser_23,82944,11853,1174,26
2024-03-08,Billboard_11,50.05057671268854,8.573942073602089,20,Advertiser_16,82103,9979,1981,15
2024-03-08,Billboard_12,50.04981480720404,8.571023999429775,20,Advertiser_22,151677,22826,1910,21
2024-03-08,Billboard_13,50.04977519420206,8.570869101861684,20,Advertiser_10,162285,5986,638,27
2024-03-08,Billboard_14,50.049714913487726,8.570594175435751,20,Advertiser_9,243387,13505,1006,16
2024-03-08,Billboard_15,50.04968003675224,8.570455371121058,20,Advertiser_3,111906,12491,947,22
2024-03-08,Billboard_16,50.049626645160366,8.570236771084828,20,Advertiser_15,58143,24303,2162,26
2024-03-08,Billboard_17,50.049572822931,8.570011465526015,20,Advertiser_17,52851,13596,2128,23
2024-03-08,Billboard_18,50.04791871016219,8.57554516134853,155,Advertiser_13,170947,6996,1461,29
2024-03-08,Billboard_19,50.0480561196594,8.574905666267387,155,Advertiser_19,186412,14522,1347,23
2024-03-08,Billboard_20,50.048105081570775,8.574765469270911,155,Advertiser_7,61618,14814,1932,14
2024-03-08,Billboard_21,50.04819905670791,8.574418666167567,155,Advertiser_12,108256,22818,2004,30
2024-03-08,Billboard_22,50.048258284640994,8.57419853228282,155,Advertiser_27,76073,12780,2483,23
2024-03-08,Billboard_23,50.048296190479824,8.573857878170669,155,Advertiser_2,91386,10008,1522,15
2024-03-08,Billboard_24,50.04764388998231,8.572367362718126,65,Advertiser_14,162341,13348,1584,22
2024-03-08,Billboard_25,50.04737775515132,8.572211178343,65,Advertiser_20,120685,7141,1008,20
2024-03-08,Billboard_26,50.0471795350736,8.572052534371835,65,Advertiser_24,219090,7293,771,23
2024-03-08,Billboard_27,50.04705317922137,8.571944312126819,65,Advertiser_11,219721,13507,1943,18
2024-03-08,Billboard_28,50.04693314085367,8.571847158065953,65,Advertiser_21,105017,10513,718,13
2024-03-09,Billboard_1,50.05036212664683,8.572061250445264,20,Advertiser_25,121573,20453,591,13
2024-03-09,Billboard_2,50.05048057710115,8.571991151945651,20,Advertiser_5,114562,19228,1931,18
2024-03-09,Billboard_3,50.05057454758693,8.571917364051322,20,Advertiser_28,102120,19997,2167,25
2024-03-09,Billboard_4,50.05091687799782,8.572983411274532,20,Advertiser_1,112841,13615,1021,20
2024-03-09,Billboard_5,50.05086259327397,8.57257834991617,20,Advertiser_8,144595,14419,1584,30
2024-03-09,Billboard_6,50.05085482034081,8.574873504923973,20,Advertiser_26,247002,22702,1195,19
2024-03-09,Billboard_7,50.05040420491223,8.573220784650983,20,Advertiser_4,74853,23783,521,16
2024-03-09,Billboard_8,50.05044854182887,8.573382719369938,20,Advertiser_18,94642,23276,1349,17
2024-03-09,Billboard_9,50.050486920709744,8.57357330579178,20,Advertiser_6,237698,14663,2304,24
2024-03-09,Billboard_10,50.050523851302025,8.573737954416567,20,Advertiser_23,103196,6981,2435,28
2024-03-09,Billboard_11,50.05057671268854,8.573942073602089,20,Advertiser_16,169510,5660,1585,15
2024-03-09,Billboard_12,50.04981480720404,8.571023999429775,20,Advertiser_22,133785,8166,2410,28
2024-03-09,Billboard_13,50.04977519420206,8.570869101861684,20,Advertiser_10,148462,23392,798,17
2024-03-09,Billboard_14,50.049714913487726,8.570594175435751,20,Advertiser_9,119119,20130,2389,24
2024-03-09,Billboard_15,50.04968003675224,8.570455371121058,20,Advertiser_3,129211,5344,565,29
2024-03-09,Billboard_16,50.049626645160366,8.570236771084828,20,Advertiser_15,105137,9497,1642,20
2024-03-09,Billboard_17,50.049572822931,8.570011465526015,20,Advertiser_17,235041,22877,1898,12
2024-03-09,Billboard_18,50.04791871016219,8.57554516134853,155,Advertiser_13,196989,21755,932,26
2024-03-09,Billboard_19,50.0480561196594,8.574905666267387,155,Advertiser_19,129808,14663,748,20
2024-03-09,Billboard_20,50.048105081570775,8.574765469270911,155,Advertiser_7,150855,8874,2064,29
2024-03-09,Billboard_21,50.04819905670791,8.574418666167567,155,Advertiser_12,138865,12421,1514,22
2024-03-09,Billboard_22,50.048258284640994,8.57419853228282,155,Advertiser_27,79539,14645,2231,16
2024-03-09,Billboard_23,50.048296190479824,8.573857878170669,155,Advertiser_2,156956,21394,771,19
2024-03-09,Billboard_24,50.04764388998231,8.572367362718126,65,Advertiser_14,99229,15471,1270,29
2024-03-09,Billboard_25,50.04737775515132,8.572211178343,65,Advertiser_20,224296,10657,2056,14
2024-03-09,Billboard_26,50.0471795350736,8.572052534371835,65,Advertiser_24,239769,13522,819,12
2024-03-09,Billboard_27,50.04705317922137,8.571944312126819,65,Advertiser_11,59979,8834,689,17
2024-03-09,Billboard_28,50.04693314085367,8.571847158065953,65,Advertiser_21,209870,23967,1296,14
2024-03-10,Billboard_1,50.05036212664683,8.572061250445264,20,Advertiser_25,184730,5630,973,28
2024-03-10,Billboard_2,50.05048057710115,8.571991151945651,20,Advertiser_5,211350,24790,912,18
2024-03-10,Billboard_3,50.05057454758693,8.571917364051322,20,Advertiser_28,137356,8186,1687,28
2024-03-10,Billboard_4,50.05091687799782,8.572983411274532,20,Advertiser_1,153161,13456,1537,18
2024-03-10,Billboard_5,50.05086259327397,8.57257834991617,20,Advertiser_8,143260,16945,1290,13
2024-03-10,Billboard_6,50.05085482034081,8.574873504923973,20,Advertiser_26,61159,12574,570,14
2024-03-10,Billboard_7,50.05040420491223,8.573220784650983,20,Advertiser_4,61686,19176,1397,13
2024-03-10,Billboard_8,50.05044854182887,8.573382719369938,20,Advertiser_18,159631,22551,562,27
2024-03-10,Billboard_9,50.050486920709744,8.57357330579178,20,Advertiser_6,210383,5734,1098,15
2024-03-10,Billboard_10,50.050523851302025,8.573737954416567,20,Advertiser_23,152493,13913,1563,25
2024-03-10,Billboard_11,50.05057671268854,8.573942073602089,20,Advertiser_16,235543,11628,1489,23
2024-03-10,Billboard_12,50.04981480720404,8.571023999429775,20,Advertiser_22,196536,14687,1766,25
2024-03-10,Billboard_13,50.04977519420206,8.570869101861684,20,Advertiser_10,52054,23722,2148,24
2024-03-10,Billboard_14,50.049714913487726,8.570594175435751,20,Advertiser_9,90547,7181,1883,16
2024-03-10,Billboard_15,50.04968003675224,8.570455371121058,20,Advertiser_3,142993,20684,1323,23
2024-03-10,Billboard_16,50.049626645160366,8.570236771084828,20,Advertiser_15,188012,22451,877,26
2024-03-10,Billboard_17,50.049572822931,8.570011465526015,20,Advertiser_17,234191,15812,1643,12
2024-03-10,Billboard_18,50.04791871016219,8.57554516134853,155,Advertiser_13,113329,12655,1375,16
2024-03-10,Billboard_19,50.0480561196594,8.574905666267387,155,Advertiser_19,90037,14889,1490,22
2024-03-10,Billboard_20,50.048105081570775,8.574765469270911,155,Advertiser_7,125622,11772,647,22
2024-03-10,Billboard_21,50.04819905670791,8.574418666167567,155,Advertiser_12,55623,23053,1072,15
2024-03-10,Billboard_22,50.048258284640994,8.57419853228282,155,Advertiser_27,207575,11250,2046,18
2024-03-10,Billboard_23,50.048296190479824,8.573857878170669,155,Advertiser_2,109209,14594,1929,14
2024-03-10,Billboard_24,50.04764388998231,8.572367362718126,65,Advertiser_14,126805,22871,949,17
2024-03-10,Billboard_25,50.04737775515132,8.572211178343,65,Advertiser_20,183118,11937,1604,13
2024-03-10,Billboard_26,50.0471795350736,8.572052534371835,65,Advertiser_24,203255,12100,1515,24
2024-03-10,Billboard_27,50.04705317922137,8.571944312126819,65,Advertiser_11,245334,18079,2493,12
2024-03-10,Billboard_28,50.04693314085367,8.571847158065953,65,Advertiser_21,57724,14156,704,14
2024-03-11,Billboard_1,50.05036212664683,8.572061250445264,20,Advertiser_25,249997,15345,997,30
2024-03-11,Billboard_2,50.05048057710115,8.571991151945651,20,Advertiser_5,122505,20444,718,28
2024-03-11,Billboard_3,50.05057454758693,8.571917364051322,20,Advertiser_28,119187,22928,1890,24
2024-03-11,Billboard_4,50.05091687799782,8.572983411274532,20,Advertiser_1,150434,16848,2289,28
2024-03-11,Billboard_5,50.05086259327397,8.57257834991617,20,Advertiser_8,106734,6268,2056,20
2024-03-11,Billboard_6,50.05085482034081,8.574873504923973,20,Advertiser_26,183185,10679,1953,30
2024-03-11,Billboard_7,50.05040420491223,8.573220784650983,20,Advertiser_4,189993,23243,931,12
2024-03-11,Billboard_8,50.05044854182887,8.573382719369938,20,Advertiser_18,219311,12806,1876,13
2024-03-11,Billboard_9,50.050486920709744,8.57357330579178,20,Advertiser_6,91506,24277,1147,23
2024-03-11,Billboard_10,50.050523851302025,8.573737954416567,20,Advertiser_23,74551,19208,1429,26
2024-03-11,Billboard_11,50.05057671268854,8.573942073602089,20,Advertiser_16,236147,20086,1374,19
2024-03-11,Billboard_12,50.04981480720404,8.571023999429775,20,Advertiser_22,206038,21558,1880,13
2024-03-11,Billboard_13,50.04977519420206,8.570869101861684,20,Advertiser_10,142027,23084,1808,27
2024-03-11,Billboard_14,50.049714913487726,8.570594175435751,20,Advertiser_9,90868,12200,1936,22
2024-03-11,Billboard_15,50.04968003675224,8.570455371121058,20,Advertiser_3,62148,15403,810,19
2024-03-11,Billboard_16,50.049626645160366,8.570236771084828,20,Advertiser_15,124219,21170,1849,17
2024-03-11,Billboard_17,50.049572822931,8.570011465526015,20,Advertiser_17,147126,17348,1062,28
2024-03-11,Billboard_18,50.04791871016219,8.57554516134853,155,Advertiser_13,117639,9249,532,12
2024-03-11,Billboard_19,50.0480561196594,8.574905666267387,155,Advertiser_19,185834,5232,703,28
2024-03-11,Billboard_20,50.048105081570775,8.574765469270911,155,Advertiser_7,98945,19837,2298,28
2024-03-11,Billboard_21,50.04819905670791,8.574418666167567,155,Advertiser_12,149984,10753,1516,27
2024-03-11,Billboard_22,50.048258284640994,8.57419853228282,155,Advertiser_27,70241,9953,2161,27
2024-03-11,Billboard_23,50.048296190479824,8.573857878170669,155,Advertiser_2,225753,17928,1253,13
2024-03-11,Billboard_24,50.04764388998231,8.572367362718126,65,Advertiser_14,189265,6524,1090,12
2024-03-11,Billboard_25,50.04737775515132,8.572211178343,65,Advertiser_20,178184,13219,977,28
2024-03-11,Billboard_26,50.0471795350736,8.572052534371835,65,Advertiser_24,155010,10449,1569,18
2024-03-11,Billboard_27,50.04705317922137,8.571944312126819,65,Advertiser_11,97287,11074,1142,18
2024-03-11,Billboard_28,50.04693314085367,8.571847158065953,65,Advertiser_21,232476,21692,1100,27
2024-03-12,Billboard_1,50.05036212664683,8.572061250445264,20,Advertiser_25,197482,18588,530,18
2024-03-12,Billboard_2,50.05048057710115,8.571991151945651,20,Advertiser_5,244866,10805,1501,12
2024-03-12,Billboard_3,50.05057454758693,8.571917364051322,20,Advertiser_28,207067,17605,614,29
2024-03-12,Billboard_4,50.05091687799782,8.572983411274532,20,Advertiser_1,149281,8349,893,21
2024-03-12,Billboard_5,50.05086259327397,8.57257834991617,20,Advertiser_8,214233,24045,1788,27
2024-03-12,Billboard_6,50.05085482034081,8.574873504923973,20,Advertiser_26,226108,11481,1194,14
2024-03-12,Billboard_7,50.05040420491223,8.573220784650983,20,Advertiser_4,91134,12546,1930,14
2024-03-12,Billboard_8,50.05044854182887,8.573382719369938,20,Advertiser_18,71599,24335,1556,28
2024-03-12,Billboard_9,50.050486920709744,8.57357330579178,20,Advertiser_6,195581,15589,1988,13
2024-03-12,Billboard_10,50.050523851302025,8.573737954416567,20,Advertiser_23,231417,24809,1284,30
2024-03-12,Billboard_11,50.05057671268854,8.573942073602089,20,Advertiser_16,92493,18907,1075,14
2024-03-12,Billboard_12,50.04981480720404,8.571023999429775,20,Advertiser_22,132731,7015,1606,17
2024-03-12,Billboard_13,50.04977519420206,8.570869101861684,20,Advertiser_10,72168,15811,601,18
2024-03-12,Billboard_14,50.049714913487726,8.570594175435751,20,Advertiser_9,148145,16128,1311,27
2024-03-12,Billboard_15,50.04968003675224,8.570455371121058,20,Advertiser_3,61241,23116,644,14
2024-03-12,Billboard_16,50.049626645160366,8.570236771084828,20,Advertiser_15,216223,11011,1275,20
2024-03-12,Billboard_17,50.049572822931,8.570011465526015,20,Advertiser_17,218213,20639,1572,15
2024-03-12,Billboard_18,50.04791871016219,8.57554516134853,155,Advertiser_13,63361,9761,1518,21
2024-03-12,Billboard_19,50.0480561196594,8.574905666267387,155,Advertiser_19,231177,17982,807,20
2024-03-12,Billboard_20,50.048105081570775,8.574765469270911,155,Advertiser_7,175242,22389,1034,30
2024-03-12,Billboard_21,50.04819905670791,8.574418666167567,155,Advertiser_12,192195,11524,1596,17
2024-03-12,Billboard_22,50.048258284640994,8.57419853228282,155,Advertiser_27,187541,22886,2288,14
2024-03-12,Billboard_23,50.048296190479824,8.573857878170669,155,Advertiser_2,116759,18006,1034,30
2024-03-12,Billboard_24,50.04764388998231,8.572367362718126,65,Advertiser_14,107101,19723,829,17
2024-03-12,Billboard_25,50.04737775515132,8.572211178343,65,Advertiser_20,183923,10991,1419,18
2024-03-12,Billboard_26,50.0471795350736,8.572052534371835,65,Advertiser_24,51660,8959,1240,14
2024-03-12,Billboard_27,50.04705317922137,8.571944312126819,65,Advertiser_11,71124,16916,1381,26
2024-03-12,Billboard_28,50.04693314085367,8.571847158065953,65,Advertiser_21,245421,20003,1869,21
2024-03-13,Billboard_1,50.05036212664683,8.572061250445264,20,Advertiser_25,238048,18533,1515,27
2024-03-13,Billboard_2,50.05048057710115,8.571991151945651,20,Advertiser_5,105963,23547,2308,16
2024-03-13,Billboard_3,50.05057454758693,8.571917364051322,20,Advertiser_28,160030,8210,618,23
2024-03-13,Billboard_4,50.05091687799782,8.572983411274532,20,Advertiser_1,110866,6005,1311,18
2024-03-13,Billboard_5,50.05086259327397,8.57257834991617,20,Advertiser_8,244687,12774,1692,18
2024-03-13,Billboard_6,50.05085482034081,8.574873504923973,20,Advertiser_26,180332,21988,1639,19
2024-03-13,Billboard_7,50.05040420491223,8.573220784650983,20,Advertiser_4,204794,8257,1980,24
2024-03-13,Billboard_8,50.05044854182887,8.573382719369938,20,Advertiser_18,56369,14600,1546,15
2024-03-13,Billboard_9,50.050486920709744,8.57357330579178,20,Advertiser_6,133766,6047,715,22
2024-03-13,Billboard_10,50.050523851302025,8.573737954416567,20,Advertiser_23,211467,13786,700,15
2024-03-13,Billboard_11,50.05057671268854,8.573942073602089,20,Advertiser_16,79213,16271,841,27
2024-03-13,Billboard_12,50.04981480720404,8.571023999429775,20,Advertiser_22,153035,9854,1624,22
2024-03-13,Billboard_13,50.04977519420206,8.570869101861684,20,Advertiser_10,234256,18627,2416,22
2024-03-13,Billboard_14,50.049714913487726,8.570594175435751,20,Advertiser_9,57746,16635,895,23
2024-03-13,Billboard_15,50.04968003675224,8.570455371121058,20,Advertiser_3,66167,23774,826,22
2024-03-13,Billboard_16,50.049626645160366,8.570236771084828,20,Advertiser_15,242452,20486,1554,15
2024-03-13,Billboard_17,50.049572822931,8.570011465526015,20,Advertiser_17,215348,18870,1909,26
2024-03-13,Billboard_18,50.04791871016219,8.57554516134853,155,Advertiser_13,131982,19100,2185,22
2024-03-13,Billboard_19,50.0480561196594,8.574905666267387,155,Advertiser_19,86621,8373,1164,16
2024-03-13,Billboard_20,50.048105081570775,8.574765469270911,155,Advertiser_7,224707,16737,1923,28
2024-03-13,Billboard_21,50.04819905670791,8.574418666167567,155,Advertiser_12,231841,20948,1468,18
2024-03-13,Billboard_22,50.048258284640994,8.57419853228282,155,Advertiser_27,146571,19936,773,15
2024-03-13,Billboard_23,50.048296190479824,8.573857878170669,155,Advertiser_2,98526,19671,2175,18
2024-03-13,Billboard_24,50.04764388998231,8.572367362718126,65,Advertiser_14,186742,13123,1760,13
2024-03-13,Billboard_25,50.04737775515132,8.572211178343,65,Advertiser_20,115547,9966,2232,21
2024-03-13,Billboard_26,50.0471795350736,8.572052534371835,65,Advertiser_24,128789,19827,747,12
2024-03-13,Billboard_27,50.04705317922137,8.571944312126819,65,Advertiser_11,176383,13721,904,29
2024-03-13,Billboard_28,50.04693314085367,8.571847158065953,65,Advertiser_21,120690,18178,1673,14
2024-03-14,Billboard_1,50.05036212664683,8.572061250445264,20,Advertiser_25,179233,6266,1990,12
2024-03-14,Billboard_2,50.05048057710115,8.571991151945651,20,Advertiser_5,249980,18881,1244,23
2024-03-14,Billboard_3,50.05057454758693,8.571917364051322,20,Advertiser_28,66397,21208,999,24
2024-03-14,Billboard_4,50.05091687799782,8.572983411274532,20,Advertiser_1,246557,14818,2426,15
2024-03-14,Billboard_5,50.05086259327397,8.57257834991617,20,Advertiser_8,68647,8902,1130,22
2024-03-14,Billboard_6,50.05085482034081,8.574873504923973,20,Advertiser_26,193430,10299,1209,26
2024-03-14,Billboard_7,50.05040420491223,8.573220784650983,20,Advertiser_4,91266,24765,1516,20
2024-03-14,Billboard_8,50.05044854182887,8.573382719369938,20,Advertiser_18,182013,19333,972,30
2024-03-14,Billboard_9,50.050486920709744,8.57357330579178,20,Advertiser_6,157938,13579,1426,30
2024-03-14,Billboard_10,50.050523851302025,8.573737954416567,20,Advertiser_23,205820,23647,2149,29
2024-03-14,Billboard_11,50.05057671268854,8.573942073602089,20,Advertiser_16,107885,16152,1178,12
2024-03-14,Billboard_12,50.04981480720404,8.571023999429775,20,Advertiser_22,205139,19901,610,23
2024-03-14,Billboard_13,50.04977519420206,8.570869101861684,20,Advertiser_10,94506,7202,923,22
2024-03-14,Billboard_14,50.049714913487726,8.570594175435751,20,Advertiser_9,78509,9758,2199,16
2024-03-14,Billboard_15,50.04968003675224,8.570455371121058,20,Advertiser_3,205465,15354,988,12
2024-03-14,Billboard_16,50.049626645160366,8.570236771084828,20,Advertiser_15,238838,11513,1027,27
2024-03-14,Billboard_17,50.049572822931,8.570011465526015,20,Advertiser_17,149800,20485,2291,21
2024-03-14,Billboard_18,50.04791871016219,8.57554516134853,155,Advertiser_13,93971,24512,688,17
2024-03-14,Billboard_19,50.0480561196594,8.574905666267387,155,Advertiser_19,79632,15999,926,15
2024-03-14,Billboard_20,50.048105081570775,8.574765469270911,155,Advertiser_7,153082,7422,1065,23
2024-03-14,Billboard_21,50.04819905670791,8.574418666167567,155,Advertiser_12,53224,21362,1297,17
2024-03-14,Billboard_22,50.048258284640994,8.57419853228282,155,Advertiser_27,201371,16406,1324,23
2024-03-14,Billboard_23,50.048296190479824,8.573857878170669,155,Advertiser_2,240116,22961,2039,16
2024-03-14,Billboard_24,50.04764388998231,8.572367362718126,65,Advertiser_14,198485,8325,1831,14
2024-03-14,Billboard_25,50.04737775515132,8.572211178343,65,Advertiser_20,180878,5907,1689,30
2024-03-14,Billboard_26,50.0471795350736,8.572052534371835,65,Advertiser_24,131525,23408,1603,26
2024-03-14,Billboard_27,50.04705317922137,8.571944312126819,65,Advertiser_11,61348,18954,2185,26
2024-03-14,Billboard_28,50.04693314085367,8.571847158065953,65,Advertiser_21,172478,21098,1497,25
2024-03-15,Billboard_1,50.05036212664683,8.572061250445264,20,Advertiser_25,203243,21052,1027,20
2024-03-15,Billboard_2,50.05048057710115,8.571991151945651,20,Advertiser_5,131877,8987,1446,30
2024-03-15,Billboard_3,50.05057454758693,8.571917364051322,20,Advertiser_28,105499,9383,1017,28
2024-03-15,Billboard_4,50.05091687799782,8.572983411274532,20,Advertiser_1,173625,12397,649,26
2024-03-15,Billboard_5,50.05086259327397,8.57257834991617,20,Advertiser_8,90404,17257,726,26
2024-03-15,Billboard_6,50.05085482034081,8.574873504923973,20,Advertiser_26,208000,12340,1198,16
2024-03-15,Billboard_7,50.05040420491223,8.573220784650983,20,Advertiser_4,141047,8373,998,13
2024-03-15,Billboard_8,50.05044854182887,8.573382719369938,20,Advertiser_18,157587,22342,1957,18
2024-03-15,Billboard_9,50.050486920709744,8.57357330579178,20,Advertiser_6,238218,20159,1747,21
2024-03-15,Billboard_10,50.050523851302025,8.573737954416567,20,Advertiser_23,52087,13789,2328,16
2024-03-15,Billboard_11,50.05057671268854,8.573942073602089,20,Advertiser_16,134626,6249,1177,14
2024-03-15,Billboard_12,50.04981480720404,8.571023999429775,20,Advertiser_22,58629,18924,933,16
2024-03-15,Billboard_13,50.04977519420206,8.570869101861684,20,Advertiser_10,108870,14000,532,17
2024-03-15,Billboard_14,50.049714913487726,8.570594175435751,20,Advertiser_9,245041,13801,775,28
2024-03-15,Billboard_15,50.04968003675224,8.570455371121058,20,Advertiser_3,56490,9898,712,28
2024-03-15,Billboard_16,50.049626645160366,8.570236771084828,20,Advertiser_15,241507,23430,2411,24
2024-03-15,Billboard_17,50.049572822931,8.570011465526015,20,Advertiser_17,96356,17158,1592,12
2024-03-15,Billboard_18,50.04791871016219,8.57554516134853,155,Advertiser_13,218269,17190,550,24
2024-03-15,Billboard_19,50.0480561196594,8.574905666267387,155,Advertiser_19,169152,20764,2318,12
2024-03-15,Billboard_20,50.048105081570775,8.574765469270911,155,Advertiser_7,178590,11818,2409,12
2024-03-15,Billboard_21,50.04819905670791,8.574418666167567,155,Advertiser_12,106955,9553,666,20
2024-03-15,Billboard_22,50.048258284640994,8.57419853228282,155,Advertiser_27,77926,5736,2282,27
2024-03-15,Billboard_23,50.048296190479824,8.573857878170669,155,Advertiser_2,126373,6545,2114,20
2024-03-15,Billboard_24,50.04764388998231,8.572367362718126,65,Advertiser_14,119400,16579,1353,23
2024-03-15,Billboard_25,50.04737775515132,8.572211178343,65,Advertiser_20,123205,23405,1216,25
2024-03-15,Billboard_26,50.0471795350736,8.572052534371835,65,Advertiser_24,98131,17425,1590,25
2024-03-15,Billboard_27,50.04705317922137,8.571944312126819,65,Advertiser_11,199791,21053,1705,14
2024-03-15,Billboard_28,50.04693314085367,8.571847158065953,65,Advertiser_21,101918,11046,2400,13
2024-03-16,Billboard_1,50.05036212664683,8.572061250445264,20,Advertiser_25,96929,14013,2268,14
2024-03-16,Billboard_2,50.05048057710115,8.571991151945651,20,Advertiser_5,112624,19690,1608,28
2024-03-16,Billboard_3,50.05057454758693,8.571917364051322,20,Advertiser_28,218528,7592,1422,12
2024-03-16,Billboard_4,50.05091687799782,8.572983411274532,20,Advertiser_1,113319,15440,852,21
2024-03-16,Billboard_5,50.05086259327397,8.57257834991617,20,Advertiser_8,73086,20020,847,27
2024-03-16,Billboard_6,50.05085482034081,8.574873504923973,20,Advertiser_26,121797,17660,1494,26
2024-03-16,Billboard_7,50.05040420491223,8.573220784650983,20,Advertiser_4,169590,14475,630,17
2024-03-16,Billboard_8,50.05044854182887,8.573382719369938,20,Advertiser_18,202648,12353,820,25
2024-03-16,Billboard_9,50.050486920709744,8.57357330579178,20,Advertiser_6,124925,20830,1700,15
2024-03-16,Billboard_10,50.050523851302025,8.573737954416567,20,Advertiser_23,123592,7073,846,25
2024-03-16,Billboard_11,50.05057671268854,8.573942073602089,20,Advertiser_16,247868,12761,603,30
2024-03-16,Billboard_12,50.04981480720404,8.571023999429775,20,Advertiser_22,203445,14456,1494,20
2024-03-16,Billboard_13,50.04977519420206,8.570869101861684,20,Advertiser_10,150350,18066,2348,15
2024-03-16,Billboard_14,50.049714913487726,8.570594175435751,20,Advertiser_9,158816,23411,2116,26
2024-03-16,Billboard_15,50.04968003675224,8.570455371121058,20,Advertiser_3,193706,20531,778,20
2024-03-16,Billboard_16,50.049626645160366,8.570236771084828,20,Advertiser_15,217797,13813,740,28
2024-03-16,Billboard_17,50.049572822931,8.570011465526015,20,Advertiser_17,128289,11233,1224,27
2024-03-16,Billboard_18,50.04791871016219,8.57554516134853,155,Advertiser_13,64621,13398,843,14
2024-03-16,Billboard_19,50.0480561196594,8.574905666267387,155,Advertiser_19,214085,9282,2448,13
2024-03-16,Billboard_20,50.048105081570775,8.574765469270911,155,Advertiser_7,179107,11384,1631,23
2024-03-16,Billboard_21,50.04819905670791,8.574418666167567,155,Advertiser_12,142934,6954,980,21
2024-03-16,Billboard_22,50.048258284640994,8.57419853228282,155,Advertiser_27,81213,14662,527,12
2024-03-16,Billboard_23,50.048296190479824,8.573857878170669,155,Advertiser_2,65370,20610,2485,19
2024-03-16,Billboard_24,50.04764388998231,8.572367362718126,65,Advertiser_14,215841,20558,827,20
2024-03-16,Billboard_25,50.04737775515132,8.572211178343,65,Advertiser_20,88739,23766,1738,30
2024-03-16,Billboard_26,50.0471795350736,8.572052534371835,65,Advertiser_24,248030,24849,1306,18
2024-03-16,Billboard_27,50.04705317922137,8.571944312126819,65,Advertiser_11,148567,13642,1038,13
2024-03-16,Billboard_28,50.04693314085367,8.571847158065953,65,Advertiser_21,118701,20687,1785,24
2024-03-17,Billboard_1,50.05036212664683,8.572061250445264,20,Advertiser_25,241494,16185,500,21
2024-03-17,Billboard_2,50.05048057710115,8.571991151945651,20,Advertiser_5,149185,13239,2110,27
2024-03-17,Billboard_3,50.05057454758693,8.571917364051322,20,Advertiser_28,145669,17856,574,12
2024-03-17,Billboard_4,50.05091687799782,8.572983411274532,20,Advertiser_1,230519,21437,1548,12
2024-03-17,Billboard_5,50.05086259327397,8.57257834991617,20,Advertiser_8,136193,7347,2238,30
2024-03-17,Billboard_6,50.05085482034081,8.574873504923973,20,Advertiser_26,122580,15150,1834,18
2024-03-17,Billboard_7,50.05040420491223,8.573220784650983,20,Advertiser_4,139260,8090,1952,13
2024-03-17,Billboard_8,50.05044854182887,8.573382719369938,20,Advertiser_18,167094,6678,1242,28
2024-03-17,Billboard_9,50.050486920709744,8.57357330579178,20,Advertiser_6,210969,15538,1750,23
2024-03-17,Billboard_10,50.050523851302025,8.573737954416567,20,Advertiser_23,229056,8934,2184,19
2024-03-17,Billboard_11,50.05057671268854,8.573942073602089,20,Advertiser_16,217439,17483,1874,23
2024-03-17,Billboard_12,50.04981480720404,8.571023999429775,20,Advertiser_22,192547,9878,1386,26
2024-03-17,Billboard_13,50.04977519420206,8.570869101861684,20,Advertiser_10,249049,13548,2417,20
2024-03-17,Billboard_14,50.049714913487726,8.570594175435751,20,Advertiser_9,132774,11954,2091,26
2024-03-17,Billboard_15,50.04968003675224,8.570455371121058,20,Advertiser_3,244648,6287,1892,20
2024-03-17,Billboard_16,50.049626645160366,8.570236771084828,20,Advertiser_15,218565,5449,2090,19
2024-03-17,Billboard_17,50.049572822931,8.570011465526015,20,Advertiser_17,144619,11904,2431,18
2024-03-17,Billboard_18,50.04791871016219,8.57554516134853,155,Advertiser_13,149069,12521,982,13
2024-03-17,Billboard_19,50.0480561196594,8.574905666267387,155,Advertiser_19,60577,8410,732,13
2024-03-17,Billboard_20,50.048105081570775,8.574765469270911,155,Advertiser_7,71564,6563,1917,12
2024-03-17,Billboard_21,50.04819905670791,8.574418666167567,155,Advertiser_12,165880,18470,779,17
2024-03-17,Billboard_22,50.048258284640994,8.57419853228282,155,Advertiser_27,71722,22075,968,30
2024-03-17,Billboard_23,50.048296190479824,8.573857878170669,155,Advertiser_2,81423,6427,2355,19
2024-03-17,Billboard_24,50.04764388998231,8.572367362718126,65,Advertiser_14,136347,16356,2499,16
2024-03-17,Billboard_25,50.04737775515132,8.572211178343,65,Advertiser_20,246732,16469,802,17
2024-03-17,Billboard_26,50.0471795350736,8.572052534371835,65,Advertiser_24,105807,17608,1991,20
2024-03-17,Billboard_27,50.04705317922137,8.571944312126819,65,Advertiser_11,166642,23161,1744,18
2024-03-17,Billboard_28,50.04693314085367,8.571847158065953,65,Advertiser_21,124338,5752,2350,22
2024-03-18,Billboard_1,50.05036212664683,8.572061250445264,20,Advertiser_25,163411,22376,1280,30
2024-03-18,Billboard_2,50.05048057710115,8.571991151945651,20,Advertiser_5,155108,12362,1694,13
2024-03-18,Billboard_3,50.05057454758693,8.571917364051322,20,Advertiser_28,156990,12400,1061,29
2024-03-18,Billboard_4,50.05091687799782,8.572983411274532,20,Advertiser_1,121882,24376,1266,16
2024-03-18,Billboard_5,50.05086259327397,8.57257834991617,20,Advertiser_8,127714,18189,897,14
2024-03-18,Billboard_6,50.05085482034081,8.574873504923973,20,Advertiser_26,185743,10690,1795,14
2024-03-18,Billboard_7,50.05040420491223,8.573220784650983,20,Advertiser_4,153300,7486,1607,16
2024-03-18,Billboard_8,50.05044854182887,8.573382719369938,20,Advertiser_18,171186,6019,1500,25
2024-03-18,Billboard_9,50.050486920709744,8.57357330579178,20,Advertiser_6,69167,8243,2421,16
2024-03-18,Billboard_10,50.050523851302025,8.573737954416567,20,Advertiser_23,161511,7489,1986,19
2024-03-18,Billboard_11,50.05057671268854,8.573942073602089,20,Advertiser_16,225694,14700,1928,12
2024-03-18,Billboard_12,50.04981480720404,8.571023999429775,20,Advertiser_22,141470,13295,1274,26
2024-03-18,Billboard_13,50.04977519420206,8.570869101861684,20,Advertiser_10,188180,16172,649,29
2024-03-18,Billboard_14,50.049714913487726,8.570594175435751,20,Advertiser_9,100843,21315,1918,29
2024-03-18,Billboard_15,50.04968003675224,8.570455371121058,20,Advertiser_3,86249,11638,1872,14
2024-03-18,Billboard_16,50.049626645160366,8.570236771084828,20,Advertiser_15,90154,11040,854,27
2024-03-18,Billboard_17,50.049572822931,8.570011465526015,20,Advertiser_17,167189,12300,2117,15
2024-03-18,Billboard_18,50.04791871016219,8.57554516134853,155,Advertiser_13,213857,23048,1283,17
2024-03-18,Billboard_19,50.0480561196594,8.574905666267387,155,Advertiser_19,237871,24145,1982,26
2024-03-18,Billboard_20,50.048105081570775,8.574765469270911,155,Advertiser_7,121401,22692,2451,30
2024-03-18,Billboard_21,50.04819905670791,8.574418666167567,155,Advertiser_12,192028,15908,1697,17
2024-03-18,Billboard_22,50.048258284640994,8.57419853228282,155,Advertiser_27,213484,22871,624,14
2024-03-18,Billboard_23,50.048296190479824,8.573857878170669,155,Advertiser_2,110032,8460,2138,24
2024-03-18,Billboard_24,50.04764388998231,8.572367362718126,65,Advertiser_14,184087,13916,2378,15
2024-03-18,Billboard_25,50.04737775515132,8.572211178343,65,Advertiser_20,92051,20388,1975,28
2024-03-18,Billboard_26,50.0471795350736,8.572052534371835,65,Advertiser_24,54107,8953,2074,18
2024-03-18,Billboard_27,50.04705317922137,8.571944312126819,65,Advertiser_11,248085,23676,724,18
2024-03-18,Billboard_28,50.04693314085367,8.571847158065953,65,Advertiser_21,152469,13391,719,23
2024-03-19,Billboard_1,50.05036212664683,8.572061250445264,20,Advertiser_25,87118,11313,1987,16
2024-03-19,Billboard_2,50.05048057710115,8.571991151945651,20,Advertiser_5,83932,22908,1992,24
2024-03-19,Billboard_3,50.05057454758693,8.571917364051322,20,Advertiser_28,95257,6865,1970,12
2024-03-19,Billboard_4,50.05091687799782,8.572983411274532,20,Advertiser_1,229628,24741,2444,19
2024-03-19,Billboard_5,50.05086259327397,8.57257834991617,20,Advertiser_8,137368,19358,1244,28
2024-03-19,Billboard_6,50.05085482034081,8.574873504923973,20,Advertiser_26,142307,14976,1880,18
2024-03-19,Billboard_7,50.05040420491223,8.573220784650983,20,Advertiser_4,217507,8763,1427,24
2024-03-19,Billboard_8,50.05044854182887,8.573382719369938,20,Advertiser_18,215790,8076,962,14
2024-03-19,Billboard_9,50.050486920709744,8.57357330579178,20,Advertiser_6,83150,24465,1396,25
2024-03-19,Billboard_10,50.050523851302025,8.573737954416567,20,Advertiser_23,178433,10039,1993,14
2024-03-19,Billboard_11,50.05057671268854,8.573942073602089,20,Advertiser_16,201550,17367,2038,14
2024-03-19,Billboard_12,50.04981480720404,8.571023999429775,20,Advertiser_22,52858,24430,1330,23
2024-03-19,Billboard_13,50.04977519420206,8.570869101861684,20,Advertiser_10,181055,15725,1965,15
2024-03-19,Billboard_14,50.049714913487726,8.570594175435751,20,Advertiser_9,96576,15321,1680,22
2024-03-19,Billboard_15,50.04968003675224,8.570455371121058,20,Advertiser_3,190551,22013,1990,25
2024-03-19,Billboard_16,50.049626645160366,8.570236771084828,20,Advertiser_15,74106,13168,2179,26
2024-03-19,Billboard_17,50.049572822931,8.570011465526015,20,Advertiser_17,73416,6361,1133,30
2024-03-19,Billboard_18,50.04791871016219,8.57554516134853,155,Advertiser_13,195936,23251,1224,29
2024-03-19,Billboard_19,50.0480561196594,8.574905666267387,155,Advertiser_19,130062,9549,1672,19
2024-03-19,Billboard_20,50.048105081570775,8.574765469270911,155,Advertiser_7,57979,22313,759,12
2024-03-19,Billboard_21,50.04819905670791,8.574418666167567,155,Advertiser_12,196336,10263,641,29
2024-03-19,Billboard_22,50.048258284640994,8.57419853228282,155,Advertiser_27,232894,23216,1983,21
2024-03-19,Billboard_23,50.048296190479824,8.573857878170669,155,Advertiser_2,243872,17547,2218,25
2024-03-19,Billboard_24,50.04764388998231,8.572367362718126,65,Advertiser_14,113678,18986,938,14
2024-03-19,Billboard_25,50.04737775515132,8.572211178343,65,Advertiser_20,210799,7013,1669,15
2024-03-19,Billboard_26,50.0471795350736,8.572052534371835,65,Advertiser_24,140437,22716,2107,25
2024-03-19,Billboard_27,50.04705317922137,8.571944312126819,65,Advertiser_11,125463,19668,1158,13
2024-03-19,Billboard_28,50.04693314085367,8.571847158065953,65,Advertiser_21,146874,5783,1912,22
2024-03-20,Billboard_1,50.05036212664683,8.572061250445264,20,Advertiser_25,107715,21346,1614,12
2024-03-20,Billboard_2,50.05048057710115,8.571991151945651,20,Advertiser_5,102398,23426,2017,25
2024-03-20,Billboard_3,50.05057454758693,8.571917364051322,20,Advertiser_28,237299,16618,1940,15
2024-03-20,Billboard_4,50.05091687799782,8.572983411274532,20,Advertiser_1,76997,9660,584,24
2024-03-20,Billboard_5,50.05086259327397,8.57257834991617,20,Advertiser_8,194969,23340,835,21
2024-03-20,Billboard_6,50.05085482034081,8.574873504923973,20,Advertiser_26,207233,8702,1426,20
2024-03-20,Billboard_7,50.05040420491223,8.573220784650983,20,Advertiser_4,130882,17053,571,28
2024-03-20,Billboard_8,50.05044854182887,8.573382719369938,20,Advertiser_18,209052,21757,788,26
2024-03-20,Billboard_9,50.050486920709744,8.57357330579178,20,Advertiser_6,72336,20230,1571,27
2024-03-20,Billboard_10,50.050523851302025,8.573737954416567,20,Advertiser_23,91416,16478,1292,22
2024-03-20,Billboard_11,50.05057671268854,8.573942073602089,20,Advertiser_16,236757,16917,502,23
2024-03-20,Billboard_12,50.04981480720404,8.571023999429775,20,Advertiser_22,150338,14273,2033,25
2024-03-20,Billboard_13,50.04977519420206,8.570869101861684,20,Advertiser_10,79052,6749,1529,16
2024-03-20,Billboard_14,50.049714913487726,8.570594175435751,20,Advertiser_9,235341,21330,1862,15
2024-03-20,Billboard_15,50.04968003675224,8.570455371121058,20,Advertiser_3,198375,17372,1867,19
2024-03-20,Billboard_16,50.049626645160366,8.570236771084828,20,Advertiser_15,164927,10486,1236,22
2024-03-20,Billboard_17,50.049572822931,8.570011465526015,20,Advertiser_17,137521,18193,1861,28
2024-03-20,Billboard_18,50.04791871016219,8.57554516134853,155,Advertiser_13,55903,23467,2343,30
2024-03-20,Billboard_19,50.0480561196594,8.574905666267387,155,Advertiser_19,216137,5829,2194,28
2024-03-20,Billboard_20,50.048105081570775,8.574765469270911,155,Advertiser_7,241936,19450,1493,20
2024-03-20,Billboard_21,50.04819905670791,8.574418666167567,155,Advertiser_12,69341,20174,2234,26
2024-03-20,Billboard_22,50.048258284640994,8.57419853228282,155,Advertiser_27,173743,24600,1348,18
2024-03-20,Billboard_23,50.048296190479824,8.573857878170669,155,Advertiser_2,203876,19421,1099,27
2024-03-20,Billboard_24,50.04764388998231,8.572367362718126,65,Advertiser_14,121569,12113,806,12
2024-03-20,Billboard_25,50.04737775515132,8.572211178343,65,Advertiser_20,229453,7265,1733,16
2024-03-20,Billboard_26,50.0471795350736,8.572052534371835,65,Advertiser_24,233651,11046,1292,14
2024-03-20,Billboard_27,50.04705317922137,8.571944312126819,65,Advertiser_11,104724,18800,780,21
2024-03-20,Billboard_28,50.04693314085367,8.571847158065953,65,Advertiser_21,191083,19420,1927,22
2024-03-21,Billboard_1,50.05036212664683,8.572061250445264,20,Advertiser_25,157168,19761,1377,24
2024-03-21,Billboard_2,50.05048057710115,8.571991151945651,20,Advertiser_5,209271,17534,2277,20
2024-03-21,Billboard_3,50.05057454758693,8.571917364051322,20,Advertiser_28,141556,16960,1438,21
2024-03-21,Billboard_4,50.05091687799782,8.572983411274532,20,Advertiser_1,73421,21510,1797,19
2024-03-21,Billboard_5,50.05086259327397,8.57257834991617,20,Advertiser_8,95344,17022,1040,19
2024-03-21,Billboard_6,50.05085482034081,8.574873504923973,20,Advertiser_26,128384,14332,1302,14
2024-03-21,Billboard_7,50.05040420491223,8.573220784650983,20,Advertiser_4,53374,17472,698,29
2024-03-21,Billboard_8,50.05044854182887,8.573382719369938,20,Advertiser_18,66180,5737,1777,27
2024-03-21,Billboard_9,50.050486920709744,8.57357330579178,20,Advertiser_6,95604,19581,850,23
2024-03-21,Billboard_10,50.050523851302025,8.573737954416567,20,Advertiser_23,134400,15112,2273,18
2024-03-21,Billboard_11,50.05057671268854,8.573942073602089,20,Advertiser_16,218013,6880,552,24
2024-03-21,Billboard_12,50.04981480720404,8.571023999429775,20,Advertiser_22,127486,16782,1289,26
2024-03-21,Billboard_13,50.04977519420206,8.570869101861684,20,Advertiser_10,212562,22443,2451,22
2024-03-21,Billboard_14,50.049714913487726,8.570594175435751,20,Advertiser_9,171195,8804,2372,18
2024-03-21,Billboard_15,50.04968003675224,8.570455371121058,20,Advertiser_3,84430,15614,825,30
2024-03-21,Billboard_16,50.049626645160366,8.570236771084828,20,Advertiser_15,158641,17505,2168,14
2024-03-21,Billboard_17,50.049572822931,8.570011465526015,20,Advertiser_17,130606,18408,1751,30
2024-03-21,Billboard_18,50.04791871016219,8.57554516134853,155,Advertiser_13,58325,11967,1360,29
2024-03-21,Billboard_19,50.0480561196594,8.574905666267387,155,Advertiser_19,194448,7247,689,12
2024-03-21,Billboard_20,50.048105081570775,8.574765469270911,155,Advertiser_7,198312,24336,1773,23
2024-03-21,Billboard_21,50.04819905670791,8.574418666167567,155,Advertiser_12,130870,18084,1701,29
2024-03-21,Billboard_22,50.048258284640994,8.57419853228282,155,Advertiser_27,176595,11272,2392,30
2024-03-21,Billboard_23,50.048296190479824,8.573857878170669,155,Advertiser_2,64446,7996,1143,28
2024-03-21,Billboard_24,50.04764388998231,8.572367362718126,65,Advertiser_14,115720,10344,2155,27
2024-03-21,Billboard_25,50.04737775515132,8.572211178343,65,Advertiser_20,80763,9728,2407,24
2024-03-21,Billboard_26,50.0471795350736,8.572052534371835,65,Advertiser_24,222071,10236,1526,25
2024-03-21,Billboard_27,50.04705317922137,8.571944312126819,65,Advertiser_11,129129,18612,1511,30
2024-03-21,Billboard_28,50.04693314085367,8.571847158065953,65,Advertiser_21,213680,19371,1710,12
2024-03-22,Billboard_1,50.05036212664683,8.572061250445264,20,Advertiser_25,224084,23417,1194,17
2024-03-22,Billboard_2,50.05048057710115,8.571991151945651,20,Advertiser_5,143643,19582,2134,27
2024-03-22,Billboard_3,50.05057454758693,8.571917364051322,20,Advertiser_28,233958,21668,1582,15
2024-03-22,Billboard_4,50.05091687799782,8.572983411274532,20,Advertiser_1,189981,15449,1566,27
2024-03-22,Billboard_5,50.05086259327397,8.57257834991617,20,Advertiser_8,99948,20056,2453,24
2024-03-22,Billboard_6,50.05085482034081,8.574873504923973,20,Advertiser_26,235327,24129,1865,25
2024-03-22,Billboard_7,50.05040420491223,8.573220784650983,20,Advertiser_4,237608,9884,2059,14
2024-03-22,Billboard_8,50.05044854182887,8.573382719369938,20,Advertiser_18,126479,23193,820,24
2024-03-22,Billboard_9,50.050486920709744,8.57357330579178,20,Advertiser_6,212241,15557,2379,12
2024-03-22,Billboard_10,50.050523851302025,8.573737954416567,20,Advertiser_23,215566,14516,1063,30
2024-03-22,Billboard_11,50.05057671268854,8.573942073602089,20,Advertiser_16,55355,16798,932,29
2024-03-22,Billboard_12,50.04981480720404,8.571023999429775,20,Advertiser_22,93388,24671,1355,26
2024-03-22,Billboard_13,50.04977519420206,8.570869101861684,20,Advertiser_10,113004,16196,2445,12
2024-03-22,Billboard_14,50.049714913487726,8.570594175435751,20,Advertiser_9,92236,19104,2354,17
2024-03-22,Billboard_15,50.04968003675224,8.570455371121058,20,Advertiser_3,73516,15163,1411,14
2024-03-22,Billboard_16,50.049626645160366,8.570236771084828,20,Advertiser_15,68743,17166,1820,12
2024-03-22,Billboard_17,50.049572822931,8.570011465526015,20,Advertiser_17,182590,16439,856,18
2024-03-22,Billboard_18,50.04791871016219,8.57554516134853,155,Advertiser_13,219994,14570,1078,20
2024-03-22,Billboard_19,50.0480561196594,8.574905666267387,155,Advertiser_19,204565,20025,1022,24
2024-03-22,Billboard_20,50.048105081570775,8.574765469270911,155,Advertiser_7,113611,5590,2277,12
2024-03-22,Billboard_21,50.04819905670791,8.574418666167567,155,Advertiser_12,240510,9945,2117,26
2024-03-22,Billboard_22,50.048258284640994,8.57419853228282,155,Advertiser_27,171023,14981,914,22
2024-03-22,Billboard_23,50.048296190479824,8.573857878170669,155,Advertiser_2,197380,13913,1055,20
2024-03-22,Billboard_24,50.04764388998231,8.572367362718126,65,Advertiser_14,124272,8843,976,17
2024-03-22,Billboard_25,50.04737775515132,8.572211178343,65,Advertiser_20,189437,24904,2064,27
2024-03-22,Billboard_26,50.0471795350736,8.572052534371835,65,Advertiser_24,102548,5543,1164,30
2024-03-22,Billboard_27,50.04705317922137,8.571944312126819,65,Advertiser_11,70786,6790,936,30
2024-03-22,Billboard_28,50.04693314085367,8.571847158065953,65,Advertiser_21,233977,5540,2079,21
